age,sex,bmi,children,smoker,region,charges,SSN,Name
19,female,27.9,0,yes,southwest,16884.924,8637940,Allison Hill
18,male,33.77,1,no,southeast,1725.5523,3419283,Mark Mcclure
28,male,33,3,no,southeast,4449.462,6697848,David Hoffman
33,male,22.705,0,no,northwest,21984.47061,8227824,Kimberly Osborne
32,male,28.88,0,no,northwest,3866.8552,7631165,Benjamin Welch
31,female,25.74,0,no,southeast,3756.6216,4687234,Savannah Garcia
46,female,33.44,1,no,southeast,8240.5896,4751079,Steve Sanchez
37,female,27.74,3,no,northwest,7281.5056,52427,Shawn Baker
37,male,29.83,2,no,northeast,6406.4107,7337543,Brian Deleon
60,female,25.84,0,no,northwest,28923.13692,5951484,Nicholas Edwards
25,male,26.22,0,no,northeast,2721.3208,7693676,Michael Dixon
62,female,26.29,0,yes,southeast,27808.7251,4558122,Stephanie Simmons
23,male,34.4,0,no,southwest,1826.843,9806990,James Snow
56,female,39.82,0,no,southeast,11090.7178,9912419,Barry Bernard
27,male,42.13,0,yes,southeast,39611.7577,3147379,Samuel Short
19,male,24.6,1,no,southwest,1837.237,8557444,Justin Allen
52,female,30.78,1,no,northeast,10797.3362,1167190,Joseph Hill
23,male,23.845,0,no,northeast,2395.17155,3447134,Lisa Singh
56,male,40.3,0,no,southwest,10602.385,7429671,Katherine Miller
30,male,35.3,0,yes,southwest,36837.467,1093248,April Booth
60,female,36.005,0,no,northeast,13228.84695,5886753,Katie Suarez
30,female,32.4,1,no,southwest,4149.736,3431611,Charles Pitts
18,male,34.1,0,no,southeast,1137.011,7436713,Kathleen Aguilar
34,female,31.92,1,yes,northeast,37701.8768,8588424,Patricia Becker
37,male,28.025,2,no,northwest,6203.90175,1382675,Ashley Hall
59,female,27.72,3,no,southeast,14001.1338,3529042,Colton Martinez
63,female,23.085,0,no,northeast,14451.83515,1592124,Ivan Wheeler
55,female,32.775,2,no,northwest,12268.63225,6560494,Nicholas Edwards
23,male,17.385,1,no,northwest,2775.19215,6675254,Sandra Adams
31,male,36.3,2,yes,southwest,38711,762268,Douglas Gregory
22,male,35.6,0,yes,southwest,35585.576,1818835,Travis Stevens
18,female,26.315,0,no,northeast,2198.18985,9807935,John Welch
19,female,28.6,5,no,southwest,4687.797,6291486,Raymond Shelton
63,male,28.31,0,no,northwest,13770.0979,7947383,Sandy Stephenson
28,male,36.4,1,yes,southwest,51194.55914,6153051,Sarah Mitchell
19,male,20.425,0,no,northwest,1625.43375,9621851,Bryan Allen
62,female,32.965,3,no,northwest,15612.19335,7403450,George Day
26,male,20.8,0,no,southwest,2302.3,6582029,Brian Murphy
35,male,36.67,1,yes,northeast,39774.2763,2172715,Donald Horne
60,male,39.9,0,yes,southwest,48173.361,8922680,Kristen Salazar
24,female,26.6,0,no,northeast,3046.062,7844736,Leslie Carpenter
31,female,36.63,2,no,southeast,4949.7587,4701687,Bryan Cole
41,male,21.78,1,no,southeast,6272.4772,3986800,Justin Cox
37,female,30.8,2,no,southeast,6313.759,8962309,Justin Wells Jr.
38,male,37.05,1,no,northeast,6079.6715,7584419,Christopher Barr
55,male,37.3,0,no,southwest,20630.28351,4540193,Cynthia Williams
18,female,38.665,2,no,northeast,3393.35635,8516122,Brandi Gordon
28,female,34.77,0,no,northwest,3556.9223,3391878,Jonathan Jacobson
60,female,24.53,0,no,southeast,12629.8967,8017046,Jody Palmer
36,male,35.2,1,yes,southeast,38709.176,1907903,Nathan Coleman
18,female,35.625,0,no,northeast,2211.13075,3427086,Antonio Fry
21,female,33.63,2,no,northwest,3579.8287,8546785,Philip Ramsey
48,male,28,1,yes,southwest,23568.272,8010062,Gary James
36,male,34.43,0,yes,southeast,37742.5757,7933410,William Smith
40,female,28.69,3,no,northwest,8059.6791,5621850,Benjamin Frost
58,male,36.955,2,yes,northwest,47496.49445,2126788,Elizabeth Wright
58,female,31.825,2,no,northeast,13607.36875,7124065,Caroline Adams
18,male,31.68,2,yes,southeast,34303.1672,4342661,Robert Long
53,female,22.88,1,yes,southeast,23244.7902,7146112,Jessica Smith
34,female,37.335,2,no,northwest,5989.52365,3341918,Kristen Rivera
43,male,27.36,3,no,northeast,8606.2174,2782827,Elizabeth Mendez
25,male,33.66,4,no,southeast,4504.6624,5807836,Andre Juarez
64,male,24.7,1,no,northwest,30166.61817,5367294,Kim Carlson
28,female,25.935,1,no,northwest,4133.64165,632424,Kathleen Morris
20,female,22.42,0,yes,northwest,14711.7438,2189092,Adam Cooper
19,female,28.9,0,no,southwest,1743.214,8055269,Lindsay Lawson
61,female,39.1,2,no,southwest,14235.072,1617990,Kimberly Hernandez
40,male,26.315,1,no,northwest,6389.37785,8000307,Michael Ray
40,female,36.19,0,no,southeast,5920.1041,3832060,Dr. Andrea Marshall
28,male,23.98,3,yes,southeast,17663.1442,5574313,Jacqueline Villegas
27,female,24.75,0,yes,southeast,16577.7795,1712100,Michael Morrison
31,male,28.5,5,no,northeast,6799.458,4768701,Jessica Ramsey
53,female,28.1,3,no,southwest,11741.726,2239559,Daniel Huang
58,male,32.01,1,no,southeast,11946.6259,5452267,Lucas Drake
44,male,27.4,2,no,southwest,7726.854,1006762,Keith Zuniga
57,male,34.01,0,no,northwest,11356.6609,6884443,Candace Jones
29,female,29.59,1,no,southeast,3947.4131,3490211,Brian Glover
21,male,35.53,0,no,southeast,1532.4697,1686854,Lisa Martinez
22,female,39.805,0,no,northeast,2755.02095,544471,Matthew Armstrong
41,female,32.965,0,no,northwest,6571.02435,357972,Brandy York
31,male,26.885,1,no,northeast,4441.21315,7489691,Tracy Fleming
45,female,38.285,0,no,northeast,7935.29115,8428241,Rebekah Greene
22,male,37.62,1,yes,southeast,37165.1638,5217525,Terry Jones
48,female,41.23,4,no,northwest,11033.6617,447898,Tiffany Mcclain
37,female,34.8,2,yes,southwest,39836.519,461849,Dawn Nichols
45,male,22.895,2,yes,northwest,21098.55405,7447012,Susan Watts
57,female,31.16,0,yes,northwest,43578.9394,9027716,Jesus Houston
56,female,27.2,0,no,southwest,11073.176,3177971,Lisa Smith
46,female,27.74,0,no,northwest,8026.6666,272614,Anthony Walker
55,female,26.98,0,no,northwest,11082.5772,4654722,Kristen Reynolds
21,female,39.49,0,no,southeast,2026.9741,438057,Mary Butler
53,female,24.795,1,no,northwest,10942.13205,8422940,Michele Holland
59,male,29.83,3,yes,northeast,30184.9367,9930561,Joshua Powell
35,male,34.77,2,no,northwest,5729.0053,4819346,Christine Soto
64,female,31.3,2,yes,southwest,47291.055,1009968,Jessica Foster
28,female,37.62,1,no,southeast,3766.8838,9492995,Donna Jones
54,female,30.8,3,no,southwest,12105.32,8725639,Sarah Trevino
55,male,38.28,0,no,southeast,10226.2842,9892665,Mr. Daniel Freeman
56,male,19.95,0,yes,northeast,22412.6485,2992280,Chris Moore
38,male,19.3,0,yes,southwest,15820.699,8862912,Kevin Saunders
41,female,31.6,0,no,southwest,6186.127,9818063,Jane Chapman
30,male,25.46,0,no,northeast,3645.0894,2601279,Justin King
18,female,30.115,0,no,northeast,21344.8467,9380118,Kelly Lee
61,female,29.92,3,yes,southeast,30942.1918,4163356,Bruce Palmer
34,female,27.5,1,no,southwest,5003.853,7595794,Cynthia Allen
20,male,28.025,1,yes,northwest,17560.37975,7636556,Adam Craig
19,female,28.4,1,no,southwest,2331.519,5588450,Sarah Holmes DDS
26,male,30.875,2,no,northwest,3877.30425,9876220,Tanya Fisher
29,male,27.94,0,no,southeast,2867.1196,8299796,Stacey Parker
63,male,35.09,0,yes,southeast,47055.5321,2663416,Melissa Vasquez
54,male,33.63,1,no,northwest,10825.2537,5705120,Anthony Nichols
55,female,29.7,2,no,southwest,11881.358,2491630,Tyrone Mayer
37,male,30.8,0,no,southwest,4646.759,9285574,Justin Newman
21,female,35.72,0,no,northwest,2404.7338,2203173,Mary Ryan
52,male,32.205,3,no,northeast,11488.31695,3839288,Stephanie Short
60,male,28.595,0,no,northeast,30259.99556,8240433,Mark Mckenzie
58,male,49.06,0,no,southeast,11381.3254,6139060,James Hardin
29,female,27.94,1,yes,southeast,19107.7796,8983314,George Alvarez
49,female,27.17,0,no,southeast,8601.3293,5383388,Robert Gonzalez
37,female,23.37,2,no,northwest,6686.4313,8780038,Mary Durham
44,male,37.1,2,no,southwest,7740.337,2983248,Mary Miller
18,male,23.75,0,no,northeast,1705.6245,2677223,Cody Farmer
20,female,28.975,0,no,northwest,2257.47525,347644,Logan Newton
44,male,31.35,1,yes,northeast,39556.4945,6860259,Kevin Marquez
47,female,33.915,3,no,northwest,10115.00885,220502,Lisa Snyder
26,female,28.785,0,no,northeast,3385.39915,1981794,Erica Merritt
19,female,28.3,0,yes,southwest,17081.08,8501556,Mario Wilson
52,female,37.4,0,no,southwest,9634.538,9145046,Emily Herrera
32,female,17.765,2,yes,northwest,32734.1863,5701840,John Russo
38,male,34.7,2,no,southwest,6082.405,1601662,Gregory Flores
59,female,26.505,0,no,northeast,12815.44495,9928161,Steven Scott
61,female,22.04,0,no,northeast,13616.3586,9196570,Gloria Benson
53,female,35.9,2,no,southwest,11163.568,5666683,Mrs. Ann Smith
19,male,25.555,0,no,northwest,1632.56445,9738468,Shannon English
20,female,28.785,0,no,northeast,2457.21115,4209494,Mary Barnett
22,female,28.05,0,no,southeast,2155.6815,7663723,Brian Thompson
19,male,34.1,0,no,southwest,1261.442,3938525,Robert Reyes
22,male,25.175,0,no,northwest,2045.68525,1406650,Michelle Wilson
54,female,31.9,3,no,southeast,27322.73386,6183067,Kenneth King
22,female,36,0,no,southwest,2166.732,8700505,Stephanie Mccoy
34,male,22.42,2,no,northeast,27375.90478,5198253,Summer Hoover
26,male,32.49,1,no,northeast,3490.5491,9279145,John Smith
34,male,25.3,2,yes,southeast,18972.495,1137995,Michael Williams
29,male,29.735,2,no,northwest,18157.876,5349292,James Taylor
30,male,28.69,3,yes,northwest,20745.9891,2543107,Jennifer Williams
29,female,38.83,3,no,southeast,5138.2567,8183253,Lisa Johnston
46,male,30.495,3,yes,northwest,40720.55105,2723804,Meghan Patel
51,female,37.73,1,no,southeast,9877.6077,2223105,Eric Anderson
53,female,37.43,1,no,northwest,10959.6947,2814069,Theresa Reilly
19,male,28.4,1,no,southwest,1842.519,7674266,Larry Harding
35,male,24.13,1,no,northwest,5125.2157,7146273,Suzanne Gonzalez
48,male,29.7,0,no,southeast,7789.635,8554451,Shawn Taylor
32,female,37.145,3,no,northeast,6334.34355,4013223,Michaela Lang
42,female,23.37,0,yes,northeast,19964.7463,8911908,Michael Webster
40,female,25.46,1,no,northeast,7077.1894,7386463,Philip Edwards
44,male,39.52,0,no,northwest,6948.7008,7114773,Ryan Powell
48,male,24.42,0,yes,southeast,21223.6758,8427624,Katherine Green
18,male,25.175,0,yes,northeast,15518.18025,4911415,Alfred Williams
30,male,35.53,0,yes,southeast,36950.2567,3919195,Michael Rogers
50,female,27.83,3,no,southeast,19749.38338,3246651,Kimberly Ibarra
42,female,26.6,0,yes,northwest,21348.706,6231981,Christina Nelson
18,female,36.85,0,yes,southeast,36149.4835,348645,Scott Brown
54,male,39.6,1,no,southwest,10450.552,634591,Tammy Cook
32,female,29.8,2,no,southwest,5152.134,1529108,Theresa Wilkerson
37,male,29.64,0,no,northwest,5028.1466,1800537,William Young
47,male,28.215,4,no,northeast,10407.08585,5625728,Bonnie Stewart
20,female,37,5,no,southwest,4830.63,6137150,Nathan Hernandez
32,female,33.155,3,no,northwest,6128.79745,2664214,Dr. Rebecca Anderson DVM
19,female,31.825,1,no,northwest,2719.27975,2438649,Mark Davis
27,male,18.905,3,no,northeast,4827.90495,6800610,Sarah Williams
63,male,41.47,0,no,southeast,13405.3903,7933496,Mr. David Wilkinson
49,male,30.3,0,no,southwest,8116.68,8395972,Kenneth Tran
18,male,15.96,0,no,northeast,1694.7964,5508428,Anthony Smith
35,female,34.8,1,no,southwest,5246.047,2863266,Dr. Christian Cox PhD
24,female,33.345,0,no,northwest,2855.43755,6341085,Rebecca Liu
63,female,37.7,0,yes,southwest,48824.45,5449268,Anthony Watson
38,male,27.835,2,no,northwest,6455.86265,3770285,Jennifer Hansen
54,male,29.2,1,no,southwest,10436.096,6792287,Timothy Torres
46,female,28.9,2,no,southwest,8823.279,3971895,Maria Miller
41,female,33.155,3,no,northeast,8538.28845,1033993,Brandon Parker
58,male,28.595,0,no,northwest,11735.87905,794200,Marisa Martinez
18,female,38.28,0,no,southeast,1631.8212,268768,Jonathan Pham
22,male,19.95,3,no,northeast,4005.4225,7283999,Michelle Lee
44,female,26.41,0,no,northwest,7419.4779,5190361,Zachary Hill
44,male,30.69,2,no,southeast,7731.4271,4961108,Terri Parsons
36,male,41.895,3,yes,northeast,43753.33705,24968,Corey Garcia
26,female,29.92,2,no,southeast,3981.9768,1707303,William Davidson
30,female,30.9,3,no,southwest,5325.651,4102615,Kevin Cannon
41,female,32.2,1,no,southwest,6775.961,2868578,Angel Jensen
29,female,32.11,2,no,northwest,4922.9159,7766575,Laura Walls
61,male,31.57,0,no,southeast,12557.6053,7826333,Felicia Leonard
36,female,26.2,0,no,southwest,4883.866,6361863,Alexandra Cochran
25,male,25.74,0,no,southeast,2137.6536,2346729,Joseph Gibson
56,female,26.6,1,no,northwest,12044.342,6032484,Brandon Lucas
18,male,34.43,0,no,southeast,1137.4697,7274220,Nicole James
19,male,30.59,0,no,northwest,1639.5631,6005313,Margaret Moran
39,female,32.8,0,no,southwest,5649.715,8924195,James Stewart
45,female,28.6,2,no,southeast,8516.829,4508640,Jeffrey Sanchez
51,female,18.05,0,no,northwest,9644.2525,9734715,Teresa Martinez MD
64,female,39.33,0,no,northeast,14901.5167,6567491,Eric Campbell
19,female,32.11,0,no,northwest,2130.6759,8362644,Alyssa Wade
48,female,32.23,1,no,southeast,8871.1517,234679,Jason Roberts
60,female,24.035,0,no,northwest,13012.20865,5510762,Ricky Bennett
27,female,36.08,0,yes,southeast,37133.8982,7178333,Dr. Robert Bailey
46,male,22.3,0,no,southwest,7147.105,5690409,Thomas Paul
28,female,28.88,1,no,northeast,4337.7352,3302764,Kyle Thomas
59,male,26.4,0,no,southeast,11743.299,1572018,Matthew Ray
35,male,27.74,2,yes,northeast,20984.0936,1518260,Bradley Burns
63,female,31.8,0,no,southwest,13880.949,7297585,Marissa Miller
40,male,41.23,1,no,northeast,6610.1097,6256609,Debbie Santos
20,male,33,1,no,southwest,1980.07,2588967,Rachel Martinez
40,male,30.875,4,no,northwest,8162.71625,7068277,Troy Meyer
24,male,28.5,2,no,northwest,3537.703,963480,Casey Gomez
34,female,26.73,1,no,southeast,5002.7827,8637940,Allison Hill
45,female,30.9,2,no,southwest,8520.026,3419283,Mark Mcclure
41,female,37.1,2,no,southwest,7371.772,6697848,David Hoffman
53,female,26.6,0,no,northwest,10355.641,8227824,Kimberly Osborne
27,male,23.1,0,no,southeast,2483.736,7631165,Benjamin Welch
26,female,29.92,1,no,southeast,3392.9768,4687234,Savannah Garcia
24,female,23.21,0,no,southeast,25081.76784,4751079,Steve Sanchez
34,female,33.7,1,no,southwest,5012.471,52427,Shawn Baker
53,female,33.25,0,no,northeast,10564.8845,7337543,Brian Deleon
32,male,30.8,3,no,southwest,5253.524,5951484,Nicholas Edwards
19,male,34.8,0,yes,southwest,34779.615,7693676,Michael Dixon
42,male,24.64,0,yes,southeast,19515.5416,4558122,Stephanie Simmons
55,male,33.88,3,no,southeast,11987.1682,9806990,James Snow
28,male,38.06,0,no,southeast,2689.4954,9912419,Barry Bernard
58,female,41.91,0,no,southeast,24227.33724,3147379,Samuel Short
41,female,31.635,1,no,northeast,7358.17565,8557444,Justin Allen
47,male,25.46,2,no,northeast,9225.2564,1167190,Joseph Hill
42,female,36.195,1,no,northwest,7443.64305,3447134,Lisa Singh
59,female,27.83,3,no,southeast,14001.2867,7429671,Katherine Miller
19,female,17.8,0,no,southwest,1727.785,1093248,April Booth
59,male,27.5,1,no,southwest,12333.828,5886753,Katie Suarez
39,male,24.51,2,no,northwest,6710.1919,3431611,Charles Pitts
40,female,22.22,2,yes,southeast,19444.2658,7436713,Kathleen Aguilar
18,female,26.73,0,no,southeast,1615.7667,8588424,Patricia Becker
31,male,38.39,2,no,southeast,4463.2051,1382675,Ashley Hall
19,male,29.07,0,yes,northwest,17352.6803,3529042,Colton Martinez
44,male,38.06,1,no,southeast,7152.6714,1592124,Ivan Wheeler
23,female,36.67,2,yes,northeast,38511.6283,6560494,Nicholas Edwards
33,female,22.135,1,no,northeast,5354.07465,6675254,Sandra Adams
55,female,26.8,1,no,southwest,35160.13457,762268,Douglas Gregory
40,male,35.3,3,no,southwest,7196.867,1818835,Travis Stevens
63,female,27.74,0,yes,northeast,29523.1656,9807935,John Welch
54,male,30.02,0,no,northwest,24476.47851,6291486,Raymond Shelton
60,female,38.06,0,no,southeast,12648.7034,7947383,Sandy Stephenson
24,male,35.86,0,no,southeast,1986.9334,6153051,Sarah Mitchell
19,male,20.9,1,no,southwest,1832.094,9621851,Bryan Allen
29,male,28.975,1,no,northeast,4040.55825,7403450,George Day
18,male,17.29,2,yes,northeast,12829.4551,6582029,Brian Murphy
63,female,32.2,2,yes,southwest,47305.305,2172715,Donald Horne
54,male,34.21,2,yes,southeast,44260.7499,8922680,Kristen Salazar
27,male,30.3,3,no,southwest,4260.744,7844736,Leslie Carpenter
50,male,31.825,0,yes,northeast,41097.16175,4701687,Bryan Cole
55,female,25.365,3,no,northeast,13047.33235,3986800,Justin Cox
56,male,33.63,0,yes,northwest,43921.1837,8962309,Justin Wells Jr.
38,female,40.15,0,no,southeast,5400.9805,7584419,Christopher Barr
51,male,24.415,4,no,northwest,11520.09985,4540193,Cynthia Williams
19,male,31.92,0,yes,northwest,33750.2918,8516122,Brandi Gordon
58,female,25.2,0,no,southwest,11837.16,3391878,Jonathan Jacobson
20,female,26.84,1,yes,southeast,17085.2676,8017046,Jody Palmer
52,male,24.32,3,yes,northeast,24869.8368,1907903,Nathan Coleman
19,male,36.955,0,yes,northwest,36219.40545,3427086,Antonio Fry
53,female,38.06,3,no,southeast,20462.99766,8546785,Philip Ramsey
46,male,42.35,3,yes,southeast,46151.1245,8010062,Gary James
40,male,19.8,1,yes,southeast,17179.522,7933410,William Smith
59,female,32.395,3,no,northeast,14590.63205,5621850,Benjamin Frost
45,male,30.2,1,no,southwest,7441.053,2126788,Elizabeth Wright
49,male,25.84,1,no,northeast,9282.4806,7124065,Caroline Adams
18,male,29.37,1,no,southeast,1719.4363,4342661,Robert Long
50,male,34.2,2,yes,southwest,42856.838,7146112,Jessica Smith
41,male,37.05,2,no,northwest,7265.7025,3341918,Kristen Rivera
50,male,27.455,1,no,northeast,9617.66245,2782827,Elizabeth Mendez
25,male,27.55,0,no,northwest,2523.1695,5807836,Andre Juarez
47,female,26.6,2,no,northeast,9715.841,5367294,Kim Carlson
19,male,20.615,2,no,northwest,2803.69785,632424,Kathleen Morris
22,female,24.3,0,no,southwest,2150.469,2189092,Adam Cooper
59,male,31.79,2,no,southeast,12928.7911,8055269,Lindsay Lawson
51,female,21.56,1,no,southeast,9855.1314,1617990,Kimberly Hernandez
40,female,28.12,1,yes,northeast,22331.5668,8000307,Michael Ray
54,male,40.565,3,yes,northeast,48549.17835,3832060,Dr. Andrea Marshall
30,male,27.645,1,no,northeast,4237.12655,5574313,Jacqueline Villegas
55,female,32.395,1,no,northeast,11879.10405,1712100,Michael Morrison
52,female,31.2,0,no,southwest,9625.92,4768701,Jessica Ramsey
46,male,26.62,1,no,southeast,7742.1098,2239559,Daniel Huang
46,female,48.07,2,no,northeast,9432.9253,5452267,Lucas Drake
63,female,26.22,0,no,northwest,14256.1928,1006762,Keith Zuniga
59,female,36.765,1,yes,northeast,47896.79135,6884443,Candace Jones
52,male,26.4,3,no,southeast,25992.82104,3490211,Brian Glover
28,female,33.4,0,no,southwest,3172.018,1686854,Lisa Martinez
29,male,29.64,1,no,northeast,20277.80751,544471,Matthew Armstrong
25,male,45.54,2,yes,southeast,42112.2356,357972,Brandy York
22,female,28.82,0,no,southeast,2156.7518,7489691,Tracy Fleming
25,male,26.8,3,no,southwest,3906.127,8428241,Rebekah Greene
18,male,22.99,0,no,northeast,1704.5681,5217525,Terry Jones
19,male,27.7,0,yes,southwest,16297.846,447898,Tiffany Mcclain
47,male,25.41,1,yes,southeast,21978.6769,461849,Dawn Nichols
31,male,34.39,3,yes,northwest,38746.3551,7447012,Susan Watts
48,female,28.88,1,no,northwest,9249.4952,9027716,Jesus Houston
36,male,27.55,3,no,northeast,6746.7425,3177971,Lisa Smith
53,female,22.61,3,yes,northeast,24873.3849,272614,Anthony Walker
56,female,37.51,2,no,southeast,12265.5069,4654722,Kristen Reynolds
28,female,33,2,no,southeast,4349.462,438057,Mary Butler
57,female,38,2,no,southwest,12646.207,8422940,Michele Holland
29,male,33.345,2,no,northwest,19442.3535,9930561,Joshua Powell
28,female,27.5,2,no,southwest,20177.67113,4819346,Christine Soto
30,female,33.33,1,no,southeast,4151.0287,1009968,Jessica Foster
58,male,34.865,0,no,northeast,11944.59435,9492995,Donna Jones
41,female,33.06,2,no,northwest,7749.1564,8725639,Sarah Trevino
50,male,26.6,0,no,southwest,8444.474,9892665,Mr. Daniel Freeman
19,female,24.7,0,no,southwest,1737.376,2992280,Chris Moore
43,male,35.97,3,yes,southeast,42124.5153,8862912,Kevin Saunders
49,male,35.86,0,no,southeast,8124.4084,9818063,Jane Chapman
27,female,31.4,0,yes,southwest,34838.873,2601279,Justin King
52,male,33.25,0,no,northeast,9722.7695,9380118,Kelly Lee
50,male,32.205,0,no,northwest,8835.26495,4163356,Bruce Palmer
54,male,32.775,0,no,northeast,10435.06525,7595794,Cynthia Allen
44,female,27.645,0,no,northwest,7421.19455,7636556,Adam Craig
32,male,37.335,1,no,northeast,4667.60765,5588450,Sarah Holmes DDS
34,male,25.27,1,no,northwest,4894.7533,9876220,Tanya Fisher
26,female,29.64,4,no,northeast,24671.66334,8299796,Stacey Parker
34,male,30.8,0,yes,southwest,35491.64,2663416,Melissa Vasquez
57,male,40.945,0,no,northeast,11566.30055,5705120,Anthony Nichols
29,male,27.2,0,no,southwest,2866.091,2491630,Tyrone Mayer
40,male,34.105,1,no,northeast,6600.20595,9285574,Justin Newman
27,female,23.21,1,no,southeast,3561.8889,2203173,Mary Ryan
45,male,36.48,2,yes,northwest,42760.5022,3839288,Stephanie Short
64,female,33.8,1,yes,southwest,47928.03,8240433,Mark Mckenzie
52,male,36.7,0,no,southwest,9144.565,6139060,James Hardin
61,female,36.385,1,yes,northeast,48517.56315,8983314,George Alvarez
52,male,27.36,0,yes,northwest,24393.6224,5383388,Robert Gonzalez
61,female,31.16,0,no,northwest,13429.0354,8780038,Mary Durham
56,female,28.785,0,no,northeast,11658.37915,2983248,Mary Miller
43,female,35.72,2,no,northeast,19144.57652,2677223,Cody Farmer
64,male,34.5,0,no,southwest,13822.803,347644,Logan Newton
60,male,25.74,0,no,southeast,12142.5786,6860259,Kevin Marquez
62,male,27.55,1,no,northwest,13937.6665,220502,Lisa Snyder
50,male,32.3,1,yes,northeast,41919.097,1981794,Erica Merritt
46,female,27.72,1,no,southeast,8232.6388,8501556,Mario Wilson
24,female,27.6,0,no,southwest,18955.22017,9145046,Emily Herrera
62,male,30.02,0,no,northwest,13352.0998,5701840,John Russo
60,female,27.55,0,no,northeast,13217.0945,1601662,Gregory Flores
63,male,36.765,0,no,northeast,13981.85035,9928161,Steven Scott
49,female,41.47,4,no,southeast,10977.2063,9196570,Gloria Benson
34,female,29.26,3,no,southeast,6184.2994,5666683,Mrs. Ann Smith
33,male,35.75,2,no,southeast,4889.9995,9738468,Shannon English
46,male,33.345,1,no,northeast,8334.45755,4209494,Mary Barnett
36,female,29.92,1,no,southeast,5478.0368,7663723,Brian Thompson
19,male,27.835,0,no,northwest,1635.73365,3938525,Robert Reyes
57,female,23.18,0,no,northwest,11830.6072,1406650,Michelle Wilson
50,female,25.6,0,no,southwest,8932.084,6183067,Kenneth King
30,female,27.7,0,no,southwest,3554.203,8700505,Stephanie Mccoy
33,male,35.245,0,no,northeast,12404.8791,5198253,Summer Hoover
18,female,38.28,0,no,southeast,14133.03775,9279145,John Smith
46,male,27.6,0,no,southwest,24603.04837,1137995,Michael Williams
46,male,43.89,3,no,southeast,8944.1151,5349292,James Taylor
47,male,29.83,3,no,northwest,9620.3307,2543107,Jennifer Williams
23,male,41.91,0,no,southeast,1837.2819,8183253,Lisa Johnston
18,female,20.79,0,no,southeast,1607.5101,2723804,Meghan Patel
48,female,32.3,2,no,northeast,10043.249,2223105,Eric Anderson
35,male,30.5,1,no,southwest,4751.07,2814069,Theresa Reilly
19,female,21.7,0,yes,southwest,13844.506,7674266,Larry Harding
21,female,26.4,1,no,southwest,2597.779,7146273,Suzanne Gonzalez
21,female,21.89,2,no,southeast,3180.5101,8554451,Shawn Taylor
49,female,30.78,1,no,northeast,9778.3472,4013223,Michaela Lang
56,female,32.3,3,no,northeast,13430.265,8911908,Michael Webster
42,female,24.985,2,no,northwest,8017.06115,7386463,Philip Edwards
44,male,32.015,2,no,northwest,8116.26885,7114773,Ryan Powell
18,male,30.4,3,no,northeast,3481.868,8427624,Katherine Green
61,female,21.09,0,no,northwest,13415.0381,4911415,Alfred Williams
57,female,22.23,0,no,northeast,12029.2867,3919195,Michael Rogers
42,female,33.155,1,no,northeast,7639.41745,3246651,Kimberly Ibarra
26,male,32.9,2,yes,southwest,36085.219,6231981,Christina Nelson
20,male,33.33,0,no,southeast,1391.5287,348645,Scott Brown
23,female,28.31,0,yes,northwest,18033.9679,634591,Tammy Cook
39,female,24.89,3,yes,northeast,21659.9301,1529108,Theresa Wilkerson
24,male,40.15,0,yes,southeast,38126.2465,1800537,William Young
64,female,30.115,3,no,northwest,16455.70785,5625728,Bonnie Stewart
62,male,31.46,1,no,southeast,27000.98473,6137150,Nathan Hernandez
27,female,17.955,2,yes,northeast,15006.57945,2664214,Dr. Rebecca Anderson DVM
55,male,30.685,0,yes,northeast,42303.69215,2438649,Mark Davis
55,male,33,0,no,southeast,20781.48892,6800610,Sarah Williams
35,female,43.34,2,no,southeast,5846.9176,7933496,Mr. David Wilkinson
44,male,22.135,2,no,northeast,8302.53565,8395972,Kenneth Tran
19,male,34.4,0,no,southwest,1261.859,5508428,Anthony Smith
58,female,39.05,0,no,southeast,11856.4115,2863266,Dr. Christian Cox PhD
50,male,25.365,2,no,northwest,30284.64294,6341085,Rebecca Liu
26,female,22.61,0,no,northwest,3176.8159,5449268,Anthony Watson
24,female,30.21,3,no,northwest,4618.0799,3770285,Jennifer Hansen
48,male,35.625,4,no,northeast,10736.87075,6792287,Timothy Torres
19,female,37.43,0,no,northwest,2138.0707,3971895,Maria Miller
48,male,31.445,1,no,northeast,8964.06055,1033993,Brandon Parker
49,male,31.35,1,no,northeast,9290.1395,794200,Marisa Martinez
46,female,32.3,2,no,northeast,9411.005,268768,Jonathan Pham
46,male,19.855,0,no,northwest,7526.70645,7283999,Michelle Lee
43,female,34.4,3,no,southwest,8522.003,5190361,Zachary Hill
21,male,31.02,0,no,southeast,16586.49771,4961108,Terri Parsons
64,male,25.6,2,no,southwest,14988.432,24968,Corey Garcia
18,female,38.17,0,no,southeast,1631.6683,1707303,William Davidson
51,female,20.6,0,no,southwest,9264.797,4102615,Kevin Cannon
47,male,47.52,1,no,southeast,8083.9198,2868578,Angel Jensen
64,female,32.965,0,no,northwest,14692.66935,7766575,Laura Walls
49,male,32.3,3,no,northwest,10269.46,7826333,Felicia Leonard
31,male,20.4,0,no,southwest,3260.199,6361863,Alexandra Cochran
52,female,38.38,2,no,northeast,11396.9002,2346729,Joseph Gibson
33,female,24.31,0,no,southeast,4185.0979,6032484,Brandon Lucas
47,female,23.6,1,no,southwest,8539.671,7274220,Nicole James
38,male,21.12,3,no,southeast,6652.5288,6005313,Margaret Moran
32,male,30.03,1,no,southeast,4074.4537,8924195,James Stewart
19,male,17.48,0,no,northwest,1621.3402,4508640,Jeffrey Sanchez
44,female,20.235,1,yes,northeast,19594.80965,9734715,Teresa Martinez MD
26,female,17.195,2,yes,northeast,14455.64405,6567491,Eric Campbell
25,male,23.9,5,no,southwest,5080.096,8362644,Alyssa Wade
19,female,35.15,0,no,northwest,2134.9015,234679,Jason Roberts
43,female,35.64,1,no,southeast,7345.7266,5510762,Ricky Bennett
52,male,34.1,0,no,southeast,9140.951,7178333,Dr. Robert Bailey
36,female,22.6,2,yes,southwest,18608.262,5690409,Thomas Paul
64,male,39.16,1,no,southeast,14418.2804,3302764,Kyle Thomas
63,female,26.98,0,yes,northwest,28950.4692,1572018,Matthew Ray
64,male,33.88,0,yes,southeast,46889.2612,1518260,Bradley Burns
61,male,35.86,0,yes,southeast,46599.1084,7297585,Marissa Miller
40,male,32.775,1,yes,northeast,39125.33225,6256609,Debbie Santos
25,male,30.59,0,no,northeast,2727.3951,2588967,Rachel Martinez
48,male,30.2,2,no,southwest,8968.33,7068277,Troy Meyer
45,male,24.31,5,no,southeast,9788.8659,963480,Casey Gomez
38,female,27.265,1,no,northeast,6555.07035,8637940,Allison Hill
18,female,29.165,0,no,northeast,7323.734819,3419283,Mark Mcclure
21,female,16.815,1,no,northeast,3167.45585,6697848,David Hoffman
27,female,30.4,3,no,northwest,18804.7524,8227824,Kimberly Osborne
19,male,33.1,0,no,southwest,23082.95533,7631165,Benjamin Welch
29,female,20.235,2,no,northwest,4906.40965,4687234,Savannah Garcia
42,male,26.9,0,no,southwest,5969.723,4751079,Steve Sanchez
60,female,30.5,0,no,southwest,12638.195,52427,Shawn Baker
31,male,28.595,1,no,northwest,4243.59005,7337543,Brian Deleon
60,male,33.11,3,no,southeast,13919.8229,5951484,Nicholas Edwards
22,male,31.73,0,no,northeast,2254.7967,7693676,Michael Dixon
35,male,28.9,3,no,southwest,5926.846,4558122,Stephanie Simmons
52,female,46.75,5,no,southeast,12592.5345,9806990,James Snow
26,male,29.45,0,no,northeast,2897.3235,9912419,Barry Bernard
31,female,32.68,1,no,northwest,4738.2682,3147379,Samuel Short
33,female,33.5,0,yes,southwest,37079.372,8557444,Justin Allen
18,male,43.01,0,no,southeast,1149.3959,1167190,Joseph Hill
59,female,36.52,1,no,southeast,28287.89766,3447134,Lisa Singh
56,male,26.695,1,yes,northwest,26109.32905,7429671,Katherine Miller
45,female,33.1,0,no,southwest,7345.084,1093248,April Booth
60,male,29.64,0,no,northeast,12730.9996,5886753,Katie Suarez
56,female,25.65,0,no,northwest,11454.0215,3431611,Charles Pitts
40,female,29.6,0,no,southwest,5910.944,7436713,Kathleen Aguilar
35,male,38.6,1,no,southwest,4762.329,8588424,Patricia Becker
39,male,29.6,4,no,southwest,7512.267,1382675,Ashley Hall
30,male,24.13,1,no,northwest,4032.2407,3529042,Colton Martinez
24,male,23.4,0,no,southwest,1969.614,1592124,Ivan Wheeler
20,male,29.735,0,no,northwest,1769.53165,6560494,Nicholas Edwards
32,male,46.53,2,no,southeast,4686.3887,6675254,Sandra Adams
59,male,37.4,0,no,southwest,21797.0004,762268,Douglas Gregory
55,female,30.14,2,no,southeast,11881.9696,1818835,Travis Stevens
57,female,30.495,0,no,northwest,11840.77505,9807935,John Welch
56,male,39.6,0,no,southwest,10601.412,6291486,Raymond Shelton
40,female,33,3,no,southeast,7682.67,7947383,Sandy Stephenson
49,female,36.63,3,no,southeast,10381.4787,6153051,Sarah Mitchell
42,male,30,0,yes,southwest,22144.032,9621851,Bryan Allen
62,female,38.095,2,no,northeast,15230.32405,7403450,George Day
56,male,25.935,0,no,northeast,11165.41765,6582029,Brian Murphy
19,male,25.175,0,no,northwest,1632.03625,2172715,Donald Horne
30,female,28.38,1,yes,southeast,19521.9682,8922680,Kristen Salazar
60,female,28.7,1,no,southwest,13224.693,7844736,Leslie Carpenter
56,female,33.82,2,no,northwest,12643.3778,4701687,Bryan Cole
28,female,24.32,1,no,northeast,23288.9284,3986800,Justin Cox
18,female,24.09,1,no,southeast,2201.0971,8962309,Justin Wells Jr.
27,male,32.67,0,no,southeast,2497.0383,7584419,Christopher Barr
18,female,30.115,0,no,northeast,2203.47185,4540193,Cynthia Williams
19,female,29.8,0,no,southwest,1744.465,8516122,Brandi Gordon
47,female,33.345,0,no,northeast,20878.78443,3391878,Jonathan Jacobson
54,male,25.1,3,yes,southwest,25382.297,8017046,Jody Palmer
61,male,28.31,1,yes,northwest,28868.6639,1907903,Nathan Coleman
24,male,28.5,0,yes,northeast,35147.52848,3427086,Antonio Fry
25,male,35.625,0,no,northwest,2534.39375,8546785,Philip Ramsey
21,male,36.85,0,no,southeast,1534.3045,8010062,Gary James
23,male,32.56,0,no,southeast,1824.2854,7933410,William Smith
63,male,41.325,3,no,northwest,15555.18875,5621850,Benjamin Frost
49,male,37.51,2,no,southeast,9304.7019,2126788,Elizabeth Wright
18,female,31.35,0,no,southeast,1622.1885,7124065,Caroline Adams
51,female,39.5,1,no,southwest,9880.068,4342661,Robert Long
48,male,34.3,3,no,southwest,9563.029,7146112,Jessica Smith
31,female,31.065,0,no,northeast,4347.02335,3341918,Kristen Rivera
54,female,21.47,3,no,northwest,12475.3513,2782827,Elizabeth Mendez
19,male,28.7,0,no,southwest,1253.936,5807836,Andre Juarez
44,female,38.06,0,yes,southeast,48885.13561,5367294,Kim Carlson
53,male,31.16,1,no,northwest,10461.9794,632424,Kathleen Morris
19,female,32.9,0,no,southwest,1748.774,2189092,Adam Cooper
61,female,25.08,0,no,southeast,24513.09126,8055269,Lindsay Lawson
18,female,25.08,0,no,northeast,2196.4732,1617990,Kimberly Hernandez
61,male,43.4,0,no,southwest,12574.049,8000307,Michael Ray
21,male,25.7,4,yes,southwest,17942.106,3832060,Dr. Andrea Marshall
20,male,27.93,0,no,northeast,1967.0227,5574313,Jacqueline Villegas
31,female,23.6,2,no,southwest,4931.647,1712100,Michael Morrison
45,male,28.7,2,no,southwest,8027.968,4768701,Jessica Ramsey
44,female,23.98,2,no,southeast,8211.1002,2239559,Daniel Huang
62,female,39.2,0,no,southwest,13470.86,5452267,Lucas Drake
29,male,34.4,0,yes,southwest,36197.699,1006762,Keith Zuniga
43,male,26.03,0,no,northeast,6837.3687,6884443,Candace Jones
51,male,23.21,1,yes,southeast,22218.1149,3490211,Brian Glover
19,male,30.25,0,yes,southeast,32548.3405,1686854,Lisa Martinez
38,female,28.93,1,no,southeast,5974.3847,544471,Matthew Armstrong
37,male,30.875,3,no,northwest,6796.86325,357972,Brandy York
22,male,31.35,1,no,northwest,2643.2685,7489691,Tracy Fleming
21,male,23.75,2,no,northwest,3077.0955,8428241,Rebekah Greene
24,female,25.27,0,no,northeast,3044.2133,5217525,Terry Jones
57,female,28.7,0,no,southwest,11455.28,447898,Tiffany Mcclain
56,male,32.11,1,no,northeast,11763.0009,461849,Dawn Nichols
27,male,33.66,0,no,southeast,2498.4144,7447012,Susan Watts
51,male,22.42,0,no,northeast,9361.3268,9027716,Jesus Houston
19,male,30.4,0,no,southwest,1256.299,3177971,Lisa Smith
39,male,28.3,1,yes,southwest,21082.16,272614,Anthony Walker
58,male,35.7,0,no,southwest,11362.755,4654722,Kristen Reynolds
20,male,35.31,1,no,southeast,27724.28875,438057,Mary Butler
45,male,30.495,2,no,northwest,8413.46305,8422940,Michele Holland
35,female,31,1,no,southwest,5240.765,9930561,Joshua Powell
31,male,30.875,0,no,northeast,3857.75925,4819346,Christine Soto
50,female,27.36,0,no,northeast,25656.57526,1009968,Jessica Foster
32,female,44.22,0,no,southeast,3994.1778,9492995,Donna Jones
51,female,33.915,0,no,northeast,9866.30485,8725639,Sarah Trevino
38,female,37.73,0,no,southeast,5397.6167,9892665,Mr. Daniel Freeman
42,male,26.07,1,yes,southeast,38245.59327,2992280,Chris Moore
18,female,33.88,0,no,southeast,11482.63485,8862912,Kevin Saunders
19,female,30.59,2,no,northwest,24059.68019,9818063,Jane Chapman
51,female,25.8,1,no,southwest,9861.025,2601279,Justin King
46,male,39.425,1,no,northeast,8342.90875,9380118,Kelly Lee
18,male,25.46,0,no,northeast,1708.0014,4163356,Bruce Palmer
57,male,42.13,1,yes,southeast,48675.5177,7595794,Cynthia Allen
62,female,31.73,0,no,northeast,14043.4767,7636556,Adam Craig
59,male,29.7,2,no,southeast,12925.886,5588450,Sarah Holmes DDS
37,male,36.19,0,no,southeast,19214.70553,9876220,Tanya Fisher
64,male,40.48,0,no,southeast,13831.1152,8299796,Stacey Parker
38,male,28.025,1,no,northeast,6067.12675,2663416,Melissa Vasquez
33,female,38.9,3,no,southwest,5972.378,5705120,Anthony Nichols
46,female,30.2,2,no,southwest,8825.086,2491630,Tyrone Mayer
46,female,28.05,1,no,southeast,8233.0975,9285574,Justin Newman
53,male,31.35,0,no,southeast,27346.04207,2203173,Mary Ryan
34,female,38,3,no,southwest,6196.448,3839288,Stephanie Short
20,female,31.79,2,no,southeast,3056.3881,8240433,Mark Mckenzie
63,female,36.3,0,no,southeast,13887.204,6139060,James Hardin
54,female,47.41,0,yes,southeast,63770.42801,8983314,George Alvarez
54,male,30.21,0,no,northwest,10231.4999,5383388,Robert Gonzalez
49,male,25.84,2,yes,northwest,23807.2406,8780038,Mary Durham
28,male,35.435,0,no,northeast,3268.84665,2983248,Mary Miller
54,female,46.7,2,no,southwest,11538.421,2677223,Cody Farmer
25,female,28.595,0,no,northeast,3213.62205,347644,Logan Newton
43,female,46.2,0,yes,southeast,45863.205,6860259,Kevin Marquez
63,male,30.8,0,no,southwest,13390.559,220502,Lisa Snyder
32,female,28.93,0,no,southeast,3972.9247,1981794,Erica Merritt
62,male,21.4,0,no,southwest,12957.118,8501556,Mario Wilson
52,female,31.73,2,no,northwest,11187.6567,9145046,Emily Herrera
25,female,41.325,0,no,northeast,17878.90068,5701840,John Russo
28,male,23.8,2,no,southwest,3847.674,1601662,Gregory Flores
46,male,33.44,1,no,northeast,8334.5896,9928161,Steven Scott
34,male,34.21,0,no,southeast,3935.1799,9196570,Gloria Benson
35,female,34.105,3,yes,northwest,39983.42595,5666683,Mrs. Ann Smith
19,male,35.53,0,no,northwest,1646.4297,9738468,Shannon English
46,female,19.95,2,no,northwest,9193.8385,4209494,Mary Barnett
54,female,32.68,0,no,northeast,10923.9332,7663723,Brian Thompson
27,male,30.5,0,no,southwest,2494.022,3938525,Robert Reyes
50,male,44.77,1,no,southeast,9058.7303,1406650,Michelle Wilson
18,female,32.12,2,no,southeast,2801.2588,6183067,Kenneth King
19,female,30.495,0,no,northwest,2128.43105,8700505,Stephanie Mccoy
38,female,40.565,1,no,northwest,6373.55735,5198253,Summer Hoover
41,male,30.59,2,no,northwest,7256.7231,9279145,John Smith
49,female,31.9,5,no,southwest,11552.904,1137995,Michael Williams
48,male,40.565,2,yes,northwest,45702.02235,5349292,James Taylor
31,female,29.1,0,no,southwest,3761.292,2543107,Jennifer Williams
18,female,37.29,1,no,southeast,2219.4451,8183253,Lisa Johnston
30,female,43.12,2,no,southeast,4753.6368,2723804,Meghan Patel
62,female,36.86,1,no,northeast,31620.00106,2223105,Eric Anderson
57,female,34.295,2,no,northeast,13224.05705,2814069,Theresa Reilly
58,female,27.17,0,no,northwest,12222.8983,7674266,Larry Harding
22,male,26.84,0,no,southeast,1664.9996,7146273,Suzanne Gonzalez
31,female,38.095,1,yes,northeast,58571.07448,8554451,Shawn Taylor
52,male,30.2,1,no,southwest,9724.53,4013223,Michaela Lang
25,female,23.465,0,no,northeast,3206.49135,8911908,Michael Webster
59,male,25.46,1,no,northeast,12913.9924,7386463,Philip Edwards
19,male,30.59,0,no,northwest,1639.5631,7114773,Ryan Powell
39,male,45.43,2,no,southeast,6356.2707,8427624,Katherine Green
32,female,23.65,1,no,southeast,17626.23951,4911415,Alfred Williams
19,male,20.7,0,no,southwest,1242.816,3919195,Michael Rogers
33,female,28.27,1,no,southeast,4779.6023,3246651,Kimberly Ibarra
21,male,20.235,3,no,northeast,3861.20965,6231981,Christina Nelson
34,female,30.21,1,yes,northwest,43943.8761,348645,Scott Brown
61,female,35.91,0,no,northeast,13635.6379,634591,Tammy Cook
38,female,30.69,1,no,southeast,5976.8311,1529108,Theresa Wilkerson
58,female,29,0,no,southwest,11842.442,1800537,William Young
47,male,19.57,1,no,northwest,8428.0693,5625728,Bonnie Stewart
20,male,31.13,2,no,southeast,2566.4707,6137150,Nathan Hernandez
21,female,21.85,1,yes,northeast,15359.1045,2664214,Dr. Rebecca Anderson DVM
41,male,40.26,0,no,southeast,5709.1644,2438649,Mark Davis
46,female,33.725,1,no,northeast,8823.98575,6800610,Sarah Williams
42,female,29.48,2,no,southeast,7640.3092,7933496,Mr. David Wilkinson
34,female,33.25,1,no,northeast,5594.8455,8395972,Kenneth Tran
43,male,32.6,2,no,southwest,7441.501,5508428,Anthony Smith
52,female,37.525,2,no,northwest,33471.97189,2863266,Dr. Christian Cox PhD
18,female,39.16,0,no,southeast,1633.0444,6341085,Rebecca Liu
51,male,31.635,0,no,northwest,9174.13565,5449268,Anthony Watson
56,female,25.3,0,no,southwest,11070.535,3770285,Jennifer Hansen
64,female,39.05,3,no,southeast,16085.1275,6792287,Timothy Torres
19,female,28.31,0,yes,northwest,17468.9839,3971895,Maria Miller
51,female,34.1,0,no,southeast,9283.562,1033993,Brandon Parker
27,female,25.175,0,no,northeast,3558.62025,794200,Marisa Martinez
59,female,23.655,0,yes,northwest,25678.77845,268768,Jonathan Pham
28,male,26.98,2,no,northeast,4435.0942,7283999,Michelle Lee
30,male,37.8,2,yes,southwest,39241.442,5190361,Zachary Hill
47,female,29.37,1,no,southeast,8547.6913,4961108,Terri Parsons
38,female,34.8,2,no,southwest,6571.544,24968,Corey Garcia
18,female,33.155,0,no,northeast,2207.69745,1707303,William Davidson
34,female,19,3,no,northeast,6753.038,4102615,Kevin Cannon
20,female,33,0,no,southeast,1880.07,2868578,Angel Jensen
47,female,36.63,1,yes,southeast,42969.8527,7766575,Laura Walls
56,female,28.595,0,no,northeast,11658.11505,7826333,Felicia Leonard
49,male,25.6,2,yes,southwest,23306.547,6361863,Alexandra Cochran
19,female,33.11,0,yes,southeast,34439.8559,2346729,Joseph Gibson
55,female,37.1,0,no,southwest,10713.644,6032484,Brandon Lucas
30,male,31.4,1,no,southwest,3659.346,7274220,Nicole James
37,male,34.1,4,yes,southwest,40182.246,6005313,Margaret Moran
49,female,21.3,1,no,southwest,9182.17,8924195,James Stewart
18,male,33.535,0,yes,northeast,34617.84065,4508640,Jeffrey Sanchez
59,male,28.785,0,no,northwest,12129.61415,9734715,Teresa Martinez MD
29,female,26.03,0,no,northwest,3736.4647,6567491,Eric Campbell
36,male,28.88,3,no,northeast,6748.5912,8362644,Alyssa Wade
33,male,42.46,1,no,southeast,11326.71487,234679,Jason Roberts
58,male,38,0,no,southwest,11365.952,5510762,Ricky Bennett
44,female,38.95,0,yes,northwest,42983.4585,7178333,Dr. Robert Bailey
53,male,36.1,1,no,southwest,10085.846,5690409,Thomas Paul
24,male,29.3,0,no,southwest,1977.815,3302764,Kyle Thomas
29,female,35.53,0,no,southeast,3366.6697,1572018,Matthew Ray
40,male,22.705,2,no,northeast,7173.35995,1518260,Bradley Burns
51,male,39.7,1,no,southwest,9391.346,7297585,Marissa Miller
64,male,38.19,0,no,northeast,14410.9321,6256609,Debbie Santos
19,female,24.51,1,no,northwest,2709.1119,2588967,Rachel Martinez
35,female,38.095,2,no,northeast,24915.04626,7068277,Troy Meyer
39,male,26.41,0,yes,northeast,20149.3229,963480,Casey Gomez
56,male,33.66,4,no,southeast,12949.1554,8637940,Allison Hill
33,male,42.4,5,no,southwest,6666.243,3419283,Mark Mcclure
42,male,28.31,3,yes,northwest,32787.45859,6697848,David Hoffman
61,male,33.915,0,no,northeast,13143.86485,8227824,Kimberly Osborne
23,female,34.96,3,no,northwest,4466.6214,7631165,Benjamin Welch
43,male,35.31,2,no,southeast,18806.14547,4687234,Savannah Garcia
48,male,30.78,3,no,northeast,10141.1362,4751079,Steve Sanchez
39,male,26.22,1,no,northwest,6123.5688,52427,Shawn Baker
40,female,23.37,3,no,northeast,8252.2843,7337543,Brian Deleon
18,male,28.5,0,no,northeast,1712.227,5951484,Nicholas Edwards
58,female,32.965,0,no,northeast,12430.95335,7693676,Michael Dixon
49,female,42.68,2,no,southeast,9800.8882,4558122,Stephanie Simmons
53,female,39.6,1,no,southeast,10579.711,9806990,James Snow
48,female,31.13,0,no,southeast,8280.6227,9912419,Barry Bernard
45,female,36.3,2,no,southeast,8527.532,3147379,Samuel Short
59,female,35.2,0,no,southeast,12244.531,8557444,Justin Allen
52,female,25.3,2,yes,southeast,24667.419,1167190,Joseph Hill
26,female,42.4,1,no,southwest,3410.324,3447134,Lisa Singh
27,male,33.155,2,no,northwest,4058.71245,7429671,Katherine Miller
48,female,35.91,1,no,northeast,26392.26029,1093248,April Booth
57,female,28.785,4,no,northeast,14394.39815,5886753,Katie Suarez
37,male,46.53,3,no,southeast,6435.6237,3431611,Charles Pitts
57,female,23.98,1,no,southeast,22192.43711,7436713,Kathleen Aguilar
32,female,31.54,1,no,northeast,5148.5526,8588424,Patricia Becker
18,male,33.66,0,no,southeast,1136.3994,1382675,Ashley Hall
64,female,22.99,0,yes,southeast,27037.9141,3529042,Colton Martinez
43,male,38.06,2,yes,southeast,42560.4304,1592124,Ivan Wheeler
49,male,28.7,1,no,southwest,8703.456,6560494,Nicholas Edwards
40,female,32.775,2,yes,northwest,40003.33225,6675254,Sandra Adams
62,male,32.015,0,yes,northeast,45710.20785,762268,Douglas Gregory
40,female,29.81,1,no,southeast,6500.2359,1818835,Travis Stevens
30,male,31.57,3,no,southeast,4837.5823,9807935,John Welch
29,female,31.16,0,no,northeast,3943.5954,6291486,Raymond Shelton
36,male,29.7,0,no,southeast,4399.731,7947383,Sandy Stephenson
41,female,31.02,0,no,southeast,6185.3208,6153051,Sarah Mitchell
44,female,43.89,2,yes,southeast,46200.9851,9621851,Bryan Allen
45,male,21.375,0,no,northwest,7222.78625,7403450,George Day
55,female,40.81,3,no,southeast,12485.8009,6582029,Brian Murphy
60,male,31.35,3,yes,northwest,46130.5265,2172715,Donald Horne
56,male,36.1,3,no,southwest,12363.547,8922680,Kristen Salazar
49,female,23.18,2,no,northwest,10156.7832,7844736,Leslie Carpenter
21,female,17.4,1,no,southwest,2585.269,4701687,Bryan Cole
19,male,20.3,0,no,southwest,1242.26,3986800,Justin Cox
39,male,35.3,2,yes,southwest,40103.89,8962309,Justin Wells Jr.
53,male,24.32,0,no,northwest,9863.4718,7584419,Christopher Barr
33,female,18.5,1,no,southwest,4766.022,4540193,Cynthia Williams
53,male,26.41,2,no,northeast,11244.3769,8516122,Brandi Gordon
42,male,26.125,2,no,northeast,7729.64575,3391878,Jonathan Jacobson
40,male,41.69,0,no,southeast,5438.7491,8017046,Jody Palmer
47,female,24.1,1,no,southwest,26236.57997,1907903,Nathan Coleman
27,male,31.13,1,yes,southeast,34806.4677,3427086,Antonio Fry
21,male,27.36,0,no,northeast,2104.1134,8546785,Philip Ramsey
47,male,36.2,1,no,southwest,8068.185,8010062,Gary James
20,male,32.395,1,no,northwest,2362.22905,7933410,William Smith
24,male,23.655,0,no,northwest,2352.96845,5621850,Benjamin Frost
27,female,34.8,1,no,southwest,3577.999,2126788,Elizabeth Wright
26,female,40.185,0,no,northwest,3201.24515,7124065,Caroline Adams
53,female,32.3,2,no,northeast,29186.48236,4342661,Robert Long
41,male,35.75,1,yes,southeast,40273.6455,7146112,Jessica Smith
56,male,33.725,0,no,northwest,10976.24575,3341918,Kristen Rivera
23,female,39.27,2,no,southeast,3500.6123,2782827,Elizabeth Mendez
21,female,34.87,0,no,southeast,2020.5523,5807836,Andre Juarez
50,female,44.745,0,no,northeast,9541.69555,5367294,Kim Carlson
53,male,41.47,0,no,southeast,9504.3103,632424,Kathleen Morris
34,female,26.41,1,no,northwest,5385.3379,2189092,Adam Cooper
47,female,29.545,1,no,northwest,8930.93455,8055269,Lindsay Lawson
33,female,32.9,2,no,southwest,5375.038,1617990,Kimberly Hernandez
51,female,38.06,0,yes,southeast,44400.4064,8000307,Michael Ray
49,male,28.69,3,no,northwest,10264.4421,3832060,Dr. Andrea Marshall
31,female,30.495,3,no,northeast,6113.23105,5574313,Jacqueline Villegas
36,female,27.74,0,no,northeast,5469.0066,1712100,Michael Morrison
18,male,35.2,1,no,southeast,1727.54,4768701,Jessica Ramsey
50,female,23.54,2,no,southeast,10107.2206,2239559,Daniel Huang
43,female,30.685,2,no,northwest,8310.83915,5452267,Lucas Drake
20,male,40.47,0,no,northeast,1984.4533,1006762,Keith Zuniga
24,female,22.6,0,no,southwest,2457.502,6884443,Candace Jones
60,male,28.9,0,no,southwest,12146.971,3490211,Brian Glover
49,female,22.61,1,no,northwest,9566.9909,1686854,Lisa Martinez
60,male,24.32,1,no,northwest,13112.6048,544471,Matthew Armstrong
51,female,36.67,2,no,northwest,10848.1343,357972,Brandy York
58,female,33.44,0,no,northwest,12231.6136,7489691,Tracy Fleming
51,female,40.66,0,no,northeast,9875.6804,8428241,Rebekah Greene
53,male,36.6,3,no,southwest,11264.541,5217525,Terry Jones
62,male,37.4,0,no,southwest,12979.358,447898,Tiffany Mcclain
19,male,35.4,0,no,southwest,1263.249,461849,Dawn Nichols
50,female,27.075,1,no,northeast,10106.13425,7447012,Susan Watts
30,female,39.05,3,yes,southeast,40932.4295,9027716,Jesus Houston
41,male,28.405,1,no,northwest,6664.68595,3177971,Lisa Smith
29,female,21.755,1,yes,northeast,16657.71745,272614,Anthony Walker
18,female,40.28,0,no,northeast,2217.6012,4654722,Kristen Reynolds
41,female,36.08,1,no,southeast,6781.3542,438057,Mary Butler
35,male,24.42,3,yes,southeast,19361.9988,8422940,Michele Holland
53,male,21.4,1,no,southwest,10065.413,9930561,Joshua Powell
24,female,30.1,3,no,southwest,4234.927,4819346,Christine Soto
48,female,27.265,1,no,northeast,9447.25035,1009968,Jessica Foster
59,female,32.1,3,no,southwest,14007.222,9492995,Donna Jones
49,female,34.77,1,no,northwest,9583.8933,8725639,Sarah Trevino
37,female,38.39,0,yes,southeast,40419.0191,9892665,Mr. Daniel Freeman
26,male,23.7,2,no,southwest,3484.331,2992280,Chris Moore
23,male,31.73,3,yes,northeast,36189.1017,8862912,Kevin Saunders
29,male,35.5,2,yes,southwest,44585.45587,9818063,Jane Chapman
45,male,24.035,2,no,northeast,8604.48365,2601279,Justin King
27,male,29.15,0,yes,southeast,18246.4955,9380118,Kelly Lee
53,male,34.105,0,yes,northeast,43254.41795,4163356,Bruce Palmer
31,female,26.62,0,no,southeast,3757.8448,7595794,Cynthia Allen
50,male,26.41,0,no,northwest,8827.2099,7636556,Adam Craig
50,female,30.115,1,no,northwest,9910.35985,5588450,Sarah Holmes DDS
34,male,27,2,no,southwest,11737.84884,9876220,Tanya Fisher
19,male,21.755,0,no,northwest,1627.28245,8299796,Stacey Parker
47,female,36,1,no,southwest,8556.907,2663416,Melissa Vasquez
28,male,30.875,0,no,northwest,3062.50825,5705120,Anthony Nichols
37,female,26.4,0,yes,southeast,19539.243,2491630,Tyrone Mayer
21,male,28.975,0,no,northwest,1906.35825,9285574,Justin Newman
64,male,37.905,0,no,northwest,14210.53595,2203173,Mary Ryan
58,female,22.77,0,no,southeast,11833.7823,3839288,Stephanie Short
24,male,33.63,4,no,northeast,17128.42608,8240433,Mark Mckenzie
31,male,27.645,2,no,northeast,5031.26955,6139060,James Hardin
39,female,22.8,3,no,northeast,7985.815,8983314,George Alvarez
47,female,27.83,0,yes,southeast,23065.4207,5383388,Robert Gonzalez
30,male,37.43,3,no,northeast,5428.7277,8780038,Mary Durham
18,male,38.17,0,yes,southeast,36307.7983,2983248,Mary Miller
22,female,34.58,2,no,northeast,3925.7582,2677223,Cody Farmer
23,male,35.2,1,no,southwest,2416.955,347644,Logan Newton
33,male,27.1,1,yes,southwest,19040.876,6860259,Kevin Marquez
27,male,26.03,0,no,northeast,3070.8087,220502,Lisa Snyder
45,female,25.175,2,no,northeast,9095.06825,1981794,Erica Merritt
57,female,31.825,0,no,northwest,11842.62375,8501556,Mario Wilson
47,male,32.3,1,no,southwest,8062.764,9145046,Emily Herrera
42,female,29,1,no,southwest,7050.642,5701840,John Russo
64,female,39.7,0,no,southwest,14319.031,1601662,Gregory Flores
38,female,19.475,2,no,northwest,6933.24225,9928161,Steven Scott
61,male,36.1,3,no,southwest,27941.28758,9196570,Gloria Benson
53,female,26.7,2,no,southwest,11150.78,5666683,Mrs. Ann Smith
44,female,36.48,0,no,northeast,12797.20962,9738468,Shannon English
19,female,28.88,0,yes,northwest,17748.5062,4209494,Mary Barnett
41,male,34.2,2,no,northwest,7261.741,7663723,Brian Thompson
51,male,33.33,3,no,southeast,10560.4917,3938525,Robert Reyes
40,male,32.3,2,no,northwest,6986.697,1406650,Michelle Wilson
45,male,39.805,0,no,northeast,7448.40395,6183067,Kenneth King
35,male,34.32,3,no,southeast,5934.3798,8700505,Stephanie Mccoy
53,male,28.88,0,no,northwest,9869.8102,5198253,Summer Hoover
30,male,24.4,3,yes,southwest,18259.216,9279145,John Smith
18,male,41.14,0,no,southeast,1146.7966,1137995,Michael Williams
51,male,35.97,1,no,southeast,9386.1613,5349292,James Taylor
50,female,27.6,1,yes,southwest,24520.264,2543107,Jennifer Williams
31,female,29.26,1,no,southeast,4350.5144,8183253,Lisa Johnston
35,female,27.7,3,no,southwest,6414.178,2723804,Meghan Patel
60,male,36.955,0,no,northeast,12741.16745,2223105,Eric Anderson
21,male,36.86,0,no,northwest,1917.3184,2814069,Theresa Reilly
29,male,22.515,3,no,northeast,5209.57885,7674266,Larry Harding
62,female,29.92,0,no,southeast,13457.9608,7146273,Suzanne Gonzalez
39,female,41.8,0,no,southeast,5662.225,8554451,Shawn Taylor
19,male,27.6,0,no,southwest,1252.407,4013223,Michaela Lang
22,female,23.18,0,no,northeast,2731.9122,8911908,Michael Webster
53,male,20.9,0,yes,southeast,21195.818,7386463,Philip Edwards
39,female,31.92,2,no,northwest,7209.4918,7114773,Ryan Powell
27,male,28.5,0,yes,northwest,18310.742,8427624,Katherine Green
30,male,44.22,2,no,southeast,4266.1658,4911415,Alfred Williams
30,female,22.895,1,no,northeast,4719.52405,3919195,Michael Rogers
58,female,33.1,0,no,southwest,11848.141,3246651,Kimberly Ibarra
33,male,24.795,0,yes,northeast,17904.52705,6231981,Christina Nelson
42,female,26.18,1,no,southeast,7046.7222,348645,Scott Brown
64,female,35.97,0,no,southeast,14313.8463,634591,Tammy Cook
21,male,22.3,1,no,southwest,2103.08,1529108,Theresa Wilkerson
18,female,42.24,0,yes,southeast,38792.6856,1800537,William Young
23,male,26.51,0,no,southeast,1815.8759,5625728,Bonnie Stewart
45,female,35.815,0,no,northwest,7731.85785,6137150,Nathan Hernandez
40,female,41.42,1,no,northwest,28476.73499,2664214,Dr. Rebecca Anderson DVM
19,female,36.575,0,no,northwest,2136.88225,2438649,Mark Davis
18,male,30.14,0,no,southeast,1131.5066,6800610,Sarah Williams
25,male,25.84,1,no,northeast,3309.7926,7933496,Mr. David Wilkinson
46,female,30.8,3,no,southwest,9414.92,8395972,Kenneth Tran
33,female,42.94,3,no,northwest,6360.9936,5508428,Anthony Smith
54,male,21.01,2,no,southeast,11013.7119,2863266,Dr. Christian Cox PhD
28,male,22.515,2,no,northeast,4428.88785,6341085,Rebecca Liu
36,male,34.43,2,no,southeast,5584.3057,5449268,Anthony Watson
20,female,31.46,0,no,southeast,1877.9294,3770285,Jennifer Hansen
24,female,24.225,0,no,northwest,2842.76075,6792287,Timothy Torres
23,male,37.1,3,no,southwest,3597.596,3971895,Maria Miller
47,female,26.125,1,yes,northeast,23401.30575,1033993,Brandon Parker
33,female,35.53,0,yes,northwest,55135.40209,794200,Marisa Martinez
45,male,33.7,1,no,southwest,7445.918,268768,Jonathan Pham
26,male,17.67,0,no,northwest,2680.9493,7283999,Michelle Lee
18,female,31.13,0,no,southeast,1621.8827,5190361,Zachary Hill
44,female,29.81,2,no,southeast,8219.2039,4961108,Terri Parsons
60,male,24.32,0,no,northwest,12523.6048,24968,Corey Garcia
64,female,31.825,2,no,northeast,16069.08475,1707303,William Davidson
56,male,31.79,2,yes,southeast,43813.8661,4102615,Kevin Cannon
36,male,28.025,1,yes,northeast,20773.62775,2868578,Angel Jensen
41,male,30.78,3,yes,northeast,39597.4072,7766575,Laura Walls
39,male,21.85,1,no,northwest,6117.4945,7826333,Felicia Leonard
63,male,33.1,0,no,southwest,13393.756,6361863,Alexandra Cochran
36,female,25.84,0,no,northwest,5266.3656,2346729,Joseph Gibson
28,female,23.845,2,no,northwest,4719.73655,6032484,Brandon Lucas
58,male,34.39,0,no,northwest,11743.9341,7274220,Nicole James
36,male,33.82,1,no,northwest,5377.4578,6005313,Margaret Moran
42,male,35.97,2,no,southeast,7160.3303,8924195,James Stewart
36,male,31.5,0,no,southwest,4402.233,4508640,Jeffrey Sanchez
56,female,28.31,0,no,northeast,11657.7189,9734715,Teresa Martinez MD
35,female,23.465,2,no,northeast,6402.29135,6567491,Eric Campbell
59,female,31.35,0,no,northwest,12622.1795,8362644,Alyssa Wade
21,male,31.1,0,no,southwest,1526.312,234679,Jason Roberts
59,male,24.7,0,no,northeast,12323.936,5510762,Ricky Bennett
23,female,32.78,2,yes,southeast,36021.0112,7178333,Dr. Robert Bailey
57,female,29.81,0,yes,southeast,27533.9129,5690409,Thomas Paul
53,male,30.495,0,no,northeast,10072.05505,3302764,Kyle Thomas
60,female,32.45,0,yes,southeast,45008.9555,1572018,Matthew Ray
51,female,34.2,1,no,southwest,9872.701,1518260,Bradley Burns
23,male,50.38,1,no,southeast,2438.0552,7297585,Marissa Miller
27,female,24.1,0,no,southwest,2974.126,6256609,Debbie Santos
55,male,32.775,0,no,northwest,10601.63225,2588967,Rachel Martinez
37,female,30.78,0,yes,northeast,37270.1512,7068277,Troy Meyer
61,male,32.3,2,no,northwest,14119.62,963480,Casey Gomez
46,female,35.53,0,yes,northeast,42111.6647,8637940,Allison Hill
53,female,23.75,2,no,northeast,11729.6795,3419283,Mark Mcclure
49,female,23.845,3,yes,northeast,24106.91255,6697848,David Hoffman
20,female,29.6,0,no,southwest,1875.344,8227824,Kimberly Osborne
48,female,33.11,0,yes,southeast,40974.1649,7631165,Benjamin Welch
25,male,24.13,0,yes,northwest,15817.9857,4687234,Savannah Garcia
25,female,32.23,1,no,southeast,18218.16139,4751079,Steve Sanchez
57,male,28.1,0,no,southwest,10965.446,52427,Shawn Baker
37,female,47.6,2,yes,southwest,46113.511,7337543,Brian Deleon
38,female,28,3,no,southwest,7151.092,5951484,Nicholas Edwards
55,female,33.535,2,no,northwest,12269.68865,7693676,Michael Dixon
36,female,19.855,0,no,northeast,5458.04645,4558122,Stephanie Simmons
51,male,25.4,0,no,southwest,8782.469,9806990,James Snow
40,male,29.9,2,no,southwest,6600.361,9912419,Barry Bernard
18,male,37.29,0,no,southeast,1141.4451,3147379,Samuel Short
57,male,43.7,1,no,southwest,11576.13,8557444,Justin Allen
61,male,23.655,0,no,northeast,13129.60345,1167190,Joseph Hill
25,female,24.3,3,no,southwest,4391.652,3447134,Lisa Singh
50,male,36.2,0,no,southwest,8457.818,7429671,Katherine Miller
26,female,29.48,1,no,southeast,3392.3652,1093248,April Booth
42,male,24.86,0,no,southeast,5966.8874,5886753,Katie Suarez
43,male,30.1,1,no,southwest,6849.026,3431611,Charles Pitts
44,male,21.85,3,no,northeast,8891.1395,7436713,Kathleen Aguilar
23,female,28.12,0,no,northwest,2690.1138,8588424,Patricia Becker
49,female,27.1,1,no,southwest,26140.3603,1382675,Ashley Hall
33,male,33.44,5,no,southeast,6653.7886,3529042,Colton Martinez
41,male,28.8,1,no,southwest,6282.235,1592124,Ivan Wheeler
37,female,29.5,2,no,southwest,6311.952,6560494,Nicholas Edwards
22,male,34.8,3,no,southwest,3443.064,6675254,Sandra Adams
23,male,27.36,1,no,northwest,2789.0574,762268,Douglas Gregory
21,female,22.135,0,no,northeast,2585.85065,1818835,Travis Stevens
51,female,37.05,3,yes,northeast,46255.1125,9807935,John Welch
25,male,26.695,4,no,northwest,4877.98105,6291486,Raymond Shelton
32,male,28.93,1,yes,southeast,19719.6947,7947383,Sandy Stephenson
57,male,28.975,0,yes,northeast,27218.43725,6153051,Sarah Mitchell
36,female,30.02,0,no,northwest,5272.1758,9621851,Bryan Allen
22,male,39.5,0,no,southwest,1682.597,7403450,George Day
57,male,33.63,1,no,northwest,11945.1327,6582029,Brian Murphy
64,female,26.885,0,yes,northwest,29330.98315,2172715,Donald Horne
36,female,29.04,4,no,southeast,7243.8136,8922680,Kristen Salazar
54,male,24.035,0,no,northeast,10422.91665,7844736,Leslie Carpenter
47,male,38.94,2,yes,southeast,44202.6536,4701687,Bryan Cole
62,male,32.11,0,no,northeast,13555.0049,3986800,Justin Cox
61,female,44,0,no,southwest,13063.883,8962309,Justin Wells Jr.
43,female,20.045,2,yes,northeast,19798.05455,7584419,Christopher Barr
19,male,25.555,1,no,northwest,2221.56445,4540193,Cynthia Williams
18,female,40.26,0,no,southeast,1634.5734,8516122,Brandi Gordon
19,female,22.515,0,no,northwest,2117.33885,3391878,Jonathan Jacobson
49,male,22.515,0,no,northeast,8688.85885,8017046,Jody Palmer
60,male,40.92,0,yes,southeast,48673.5588,1907903,Nathan Coleman
26,male,27.265,3,no,northeast,4661.28635,3427086,Antonio Fry
49,male,36.85,0,no,southeast,8125.7845,8546785,Philip Ramsey
60,female,35.1,0,no,southwest,12644.589,8010062,Gary James
26,female,29.355,2,no,northeast,4564.19145,7933410,William Smith
27,male,32.585,3,no,northeast,4846.92015,5621850,Benjamin Frost
44,female,32.34,1,no,southeast,7633.7206,2126788,Elizabeth Wright
63,male,39.8,3,no,southwest,15170.069,7124065,Caroline Adams
32,female,24.6,0,yes,southwest,17496.306,4342661,Robert Long
22,male,28.31,1,no,northwest,2639.0429,7146112,Jessica Smith
18,male,31.73,0,yes,northeast,33732.6867,3341918,Kristen Rivera
59,female,26.695,3,no,northwest,14382.70905,2782827,Elizabeth Mendez
44,female,27.5,1,no,southwest,7626.993,5807836,Andre Juarez
33,male,24.605,2,no,northwest,5257.50795,5367294,Kim Carlson
24,female,33.99,0,no,southeast,2473.3341,632424,Kathleen Morris
43,female,26.885,0,yes,northwest,21774.32215,2189092,Adam Cooper
45,male,22.895,0,yes,northeast,35069.37452,8055269,Lindsay Lawson
61,female,28.2,0,no,southwest,13041.921,1617990,Kimberly Hernandez
35,female,34.21,1,no,southeast,5245.2269,8000307,Michael Ray
62,female,25,0,no,southwest,13451.122,3832060,Dr. Andrea Marshall
62,female,33.2,0,no,southwest,13462.52,5574313,Jacqueline Villegas
38,male,31,1,no,southwest,5488.262,1712100,Michael Morrison
34,male,35.815,0,no,northwest,4320.41085,4768701,Jessica Ramsey
43,male,23.2,0,no,southwest,6250.435,2239559,Daniel Huang
50,male,32.11,2,no,northeast,25333.33284,5452267,Lucas Drake
19,female,23.4,2,no,southwest,2913.569,1006762,Keith Zuniga
57,female,20.1,1,no,southwest,12032.326,6884443,Candace Jones
62,female,39.16,0,no,southeast,13470.8044,3490211,Brian Glover
41,male,34.21,1,no,southeast,6289.7549,1686854,Lisa Martinez
26,male,46.53,1,no,southeast,2927.0647,544471,Matthew Armstrong
39,female,32.5,1,no,southwest,6238.298,357972,Brandy York
46,male,25.8,5,no,southwest,10096.97,7489691,Tracy Fleming
45,female,35.3,0,no,southwest,7348.142,8428241,Rebekah Greene
32,male,37.18,2,no,southeast,4673.3922,5217525,Terry Jones
59,female,27.5,0,no,southwest,12233.828,447898,Tiffany Mcclain
44,male,29.735,2,no,northeast,32108.66282,461849,Dawn Nichols
39,female,24.225,5,no,northwest,8965.79575,7447012,Susan Watts
18,male,26.18,2,no,southeast,2304.0022,9027716,Jesus Houston
53,male,29.48,0,no,southeast,9487.6442,3177971,Lisa Smith
18,male,23.21,0,no,southeast,1121.8739,272614,Anthony Walker
50,female,46.09,1,no,southeast,9549.5651,4654722,Kristen Reynolds
18,female,40.185,0,no,northeast,2217.46915,438057,Mary Butler
19,male,22.61,0,no,northwest,1628.4709,8422940,Michele Holland
62,male,39.93,0,no,southeast,12982.8747,9930561,Joshua Powell
56,female,35.8,1,no,southwest,11674.13,4819346,Christine Soto
42,male,35.8,2,no,southwest,7160.094,1009968,Jessica Foster
37,male,34.2,1,yes,northeast,39047.285,9492995,Donna Jones
42,male,31.255,0,no,northwest,6358.77645,8725639,Sarah Trevino
25,male,29.7,3,yes,southwest,19933.458,9892665,Mr. Daniel Freeman
57,male,18.335,0,no,northeast,11534.87265,2992280,Chris Moore
51,male,42.9,2,yes,southeast,47462.894,8862912,Kevin Saunders
30,female,28.405,1,no,northwest,4527.18295,9818063,Jane Chapman
44,male,30.2,2,yes,southwest,38998.546,2601279,Justin King
34,male,27.835,1,yes,northwest,20009.63365,9380118,Kelly Lee
31,male,39.49,1,no,southeast,3875.7341,4163356,Bruce Palmer
54,male,30.8,1,yes,southeast,41999.52,7595794,Cynthia Allen
24,male,26.79,1,no,northwest,12609.88702,7636556,Adam Craig
43,male,34.96,1,yes,northeast,41034.2214,5588450,Sarah Holmes DDS
48,male,36.67,1,no,northwest,28468.91901,9876220,Tanya Fisher
19,female,39.615,1,no,northwest,2730.10785,8299796,Stacey Parker
29,female,25.9,0,no,southwest,3353.284,2663416,Melissa Vasquez
63,female,35.2,1,no,southeast,14474.675,5705120,Anthony Nichols
46,male,24.795,3,no,northeast,9500.57305,2491630,Tyrone Mayer
52,male,36.765,2,no,northwest,26467.09737,9285574,Justin Newman
35,male,27.1,1,no,southwest,4746.344,2203173,Mary Ryan
51,male,24.795,2,yes,northwest,23967.38305,3839288,Stephanie Short
44,male,25.365,1,no,northwest,7518.02535,8240433,Mark Mckenzie
21,male,25.745,2,no,northeast,3279.86855,6139060,James Hardin
39,female,34.32,5,no,southeast,8596.8278,8983314,George Alvarez
50,female,28.16,3,no,southeast,10702.6424,5383388,Robert Gonzalez
34,female,23.56,0,no,northeast,4992.3764,8780038,Mary Durham
22,female,20.235,0,no,northwest,2527.81865,2983248,Mary Miller
19,female,40.5,0,no,southwest,1759.338,2677223,Cody Farmer
26,male,35.42,0,no,southeast,2322.6218,347644,Logan Newton
29,male,22.895,0,yes,northeast,16138.76205,6860259,Kevin Marquez
48,male,40.15,0,no,southeast,7804.1605,220502,Lisa Snyder
26,male,29.15,1,no,southeast,2902.9065,1981794,Erica Merritt
45,female,39.995,3,no,northeast,9704.66805,8501556,Mario Wilson
36,female,29.92,0,no,southeast,4889.0368,9145046,Emily Herrera
54,male,25.46,1,no,northeast,25517.11363,5701840,John Russo
34,male,21.375,0,no,northeast,4500.33925,1601662,Gregory Flores
31,male,25.9,3,yes,southwest,19199.944,9928161,Steven Scott
27,female,30.59,1,no,northeast,16796.41194,9196570,Gloria Benson
20,male,30.115,5,no,northeast,4915.05985,5666683,Mrs. Ann Smith
44,female,25.8,1,no,southwest,7624.63,9738468,Shannon English
43,male,30.115,3,no,northwest,8410.04685,4209494,Mary Barnett
45,female,27.645,1,no,northwest,28340.18885,7663723,Brian Thompson
34,male,34.675,0,no,northeast,4518.82625,3938525,Robert Reyes
24,female,20.52,0,yes,northeast,14571.8908,1406650,Michelle Wilson
26,female,19.8,1,no,southwest,3378.91,6183067,Kenneth King
38,female,27.835,2,no,northeast,7144.86265,8700505,Stephanie Mccoy
50,female,31.6,2,no,southwest,10118.424,5198253,Summer Hoover
38,male,28.27,1,no,southeast,5484.4673,9279145,John Smith
27,female,20.045,3,yes,northwest,16420.49455,1137995,Michael Williams
39,female,23.275,3,no,northeast,7986.47525,5349292,James Taylor
39,female,34.1,3,no,southwest,7418.522,2543107,Jennifer Williams
63,female,36.85,0,no,southeast,13887.9685,8183253,Lisa Johnston
33,female,36.29,3,no,northeast,6551.7501,2723804,Meghan Patel
36,female,26.885,0,no,northwest,5267.81815,2223105,Eric Anderson
30,male,22.99,2,yes,northwest,17361.7661,2814069,Theresa Reilly
24,male,32.7,0,yes,southwest,34472.841,7674266,Larry Harding
24,male,25.8,0,no,southwest,1972.95,7146273,Suzanne Gonzalez
48,male,29.6,0,no,southwest,21232.18226,8554451,Shawn Taylor
47,male,19.19,1,no,northeast,8627.5411,4013223,Michaela Lang
29,male,31.73,2,no,northwest,4433.3877,8911908,Michael Webster
28,male,29.26,2,no,northeast,4438.2634,7386463,Philip Edwards
47,male,28.215,3,yes,northwest,24915.22085,7114773,Ryan Powell
25,male,24.985,2,no,northeast,23241.47453,8427624,Katherine Green
51,male,27.74,1,no,northeast,9957.7216,4911415,Alfred Williams
48,female,22.8,0,no,southwest,8269.044,3919195,Michael Rogers
43,male,20.13,2,yes,southeast,18767.7377,3246651,Kimberly Ibarra
61,female,33.33,4,no,southeast,36580.28216,6231981,Christina Nelson
48,male,32.3,1,no,northwest,8765.249,348645,Scott Brown
38,female,27.6,0,no,southwest,5383.536,634591,Tammy Cook
59,male,25.46,0,no,northwest,12124.9924,1529108,Theresa Wilkerson
19,female,24.605,1,no,northwest,2709.24395,1800537,William Young
26,female,34.2,2,no,southwest,3987.926,5625728,Bonnie Stewart
54,female,35.815,3,no,northwest,12495.29085,6137150,Nathan Hernandez
21,female,32.68,2,no,northwest,26018.95052,2664214,Dr. Rebecca Anderson DVM
51,male,37,0,no,southwest,8798.593,2438649,Mark Davis
22,female,31.02,3,yes,southeast,35595.5898,6800610,Sarah Williams
47,male,36.08,1,yes,southeast,42211.1382,7933496,Mr. David Wilkinson
18,male,23.32,1,no,southeast,1711.0268,8395972,Kenneth Tran
47,female,45.32,1,no,southeast,8569.8618,5508428,Anthony Smith
21,female,34.6,0,no,southwest,2020.177,2863266,Dr. Christian Cox PhD
19,male,26.03,1,yes,northwest,16450.8947,6341085,Rebecca Liu
23,male,18.715,0,no,northwest,21595.38229,5449268,Anthony Watson
54,male,31.6,0,no,southwest,9850.432,3770285,Jennifer Hansen
37,female,17.29,2,no,northeast,6877.9801,6792287,Timothy Torres
46,female,23.655,1,yes,northwest,21677.28345,3971895,Maria Miller
55,female,35.2,0,yes,southeast,44423.803,1033993,Brandon Parker
30,female,27.93,0,no,northeast,4137.5227,794200,Marisa Martinez
18,male,21.565,0,yes,northeast,13747.87235,268768,Jonathan Pham
61,male,38.38,0,no,northwest,12950.0712,7283999,Michelle Lee
54,female,23,3,no,southwest,12094.478,5190361,Zachary Hill
22,male,37.07,2,yes,southeast,37484.4493,4961108,Terri Parsons
45,female,30.495,1,yes,northwest,39725.51805,24968,Corey Garcia
22,male,28.88,0,no,northeast,2250.8352,1707303,William Davidson
19,male,27.265,2,no,northwest,22493.65964,4102615,Kevin Cannon
35,female,28.025,0,yes,northwest,20234.85475,2868578,Angel Jensen
18,male,23.085,0,no,northeast,1704.70015,7766575,Laura Walls
20,male,30.685,0,yes,northeast,33475.81715,7826333,Felicia Leonard
28,female,25.8,0,no,southwest,3161.454,6361863,Alexandra Cochran
55,male,35.245,1,no,northeast,11394.06555,2346729,Joseph Gibson
43,female,24.7,2,yes,northwest,21880.82,6032484,Brandon Lucas
43,female,25.08,0,no,northeast,7325.0482,7274220,Nicole James
22,male,52.58,1,yes,southeast,44501.3982,6005313,Margaret Moran
25,female,22.515,1,no,northwest,3594.17085,8924195,James Stewart
49,male,30.9,0,yes,southwest,39727.614,4508640,Jeffrey Sanchez
44,female,36.955,1,no,northwest,8023.13545,9734715,Teresa Martinez MD
64,male,26.41,0,no,northeast,14394.5579,6567491,Eric Campbell
49,male,29.83,1,no,northeast,9288.0267,8362644,Alyssa Wade
47,male,29.8,3,yes,southwest,25309.489,234679,Jason Roberts
27,female,21.47,0,no,northwest,3353.4703,5510762,Ricky Bennett
55,male,27.645,0,no,northwest,10594.50155,7178333,Dr. Robert Bailey
48,female,28.9,0,no,southwest,8277.523,5690409,Thomas Paul
45,female,31.79,0,no,southeast,17929.30337,3302764,Kyle Thomas
24,female,39.49,0,no,southeast,2480.9791,1572018,Matthew Ray
32,male,33.82,1,no,northwest,4462.7218,1518260,Bradley Burns
24,male,32.01,0,no,southeast,1981.5819,7297585,Marissa Miller
57,male,27.94,1,no,southeast,11554.2236,6256609,Debbie Santos
59,male,41.14,1,yes,southeast,48970.2476,2588967,Rachel Martinez
36,male,28.595,3,no,northwest,6548.19505,7068277,Troy Meyer
29,female,25.6,4,no,southwest,5708.867,963480,Casey Gomez
42,female,25.3,1,no,southwest,7045.499,8637940,Allison Hill
48,male,37.29,2,no,southeast,8978.1851,3419283,Mark Mcclure
39,male,42.655,0,no,northeast,5757.41345,6697848,David Hoffman
63,male,21.66,1,no,northwest,14349.8544,8227824,Kimberly Osborne
54,female,31.9,1,no,southeast,10928.849,7631165,Benjamin Welch
37,male,37.07,1,yes,southeast,39871.7043,4687234,Savannah Garcia
63,male,31.445,0,no,northeast,13974.45555,4751079,Steve Sanchez
21,male,31.255,0,no,northwest,1909.52745,52427,Shawn Baker
54,female,28.88,2,no,northeast,12096.6512,7337543,Brian Deleon
60,female,18.335,0,no,northeast,13204.28565,5951484,Nicholas Edwards
32,female,29.59,1,no,southeast,4562.8421,7693676,Michael Dixon
47,female,32,1,no,southwest,8551.347,4558122,Stephanie Simmons
21,male,26.03,0,no,northeast,2102.2647,9806990,James Snow
28,male,31.68,0,yes,southeast,34672.1472,9912419,Barry Bernard
63,male,33.66,3,no,southeast,15161.5344,3147379,Samuel Short
18,male,21.78,2,no,southeast,11884.04858,8557444,Justin Allen
32,male,27.835,1,no,northwest,4454.40265,1167190,Joseph Hill
38,male,19.95,1,no,northwest,5855.9025,3447134,Lisa Singh
32,male,31.5,1,no,southwest,4076.497,7429671,Katherine Miller
62,female,30.495,2,no,northwest,15019.76005,1093248,April Booth
39,female,18.3,5,yes,southwest,19023.26,5886753,Katie Suarez
55,male,28.975,0,no,northeast,10796.35025,3431611,Charles Pitts
57,male,31.54,0,no,northwest,11353.2276,7436713,Kathleen Aguilar
52,male,47.74,1,no,southeast,9748.9106,8588424,Patricia Becker
56,male,22.1,0,no,southwest,10577.087,1382675,Ashley Hall
47,male,36.19,0,yes,southeast,41676.0811,3529042,Colton Martinez
55,female,29.83,0,no,northeast,11286.5387,1592124,Ivan Wheeler
23,male,32.7,3,no,southwest,3591.48,6560494,Nicholas Edwards
22,female,30.4,0,yes,northwest,33907.548,6675254,Sandra Adams
50,female,33.7,4,no,southwest,11299.343,762268,Douglas Gregory
18,female,31.35,4,no,northeast,4561.1885,1818835,Travis Stevens
51,female,34.96,2,yes,northeast,44641.1974,9807935,John Welch
22,male,33.77,0,no,southeast,1674.6323,6291486,Raymond Shelton
52,female,30.875,0,no,northeast,23045.56616,7947383,Sandy Stephenson
25,female,33.99,1,no,southeast,3227.1211,6153051,Sarah Mitchell
33,female,19.095,2,yes,northeast,16776.30405,9621851,Bryan Allen
53,male,28.6,3,no,southwest,11253.421,7403450,George Day
29,male,38.94,1,no,southeast,3471.4096,6582029,Brian Murphy
58,male,36.08,0,no,southeast,11363.2832,2172715,Donald Horne
37,male,29.8,0,no,southwest,20420.60465,8922680,Kristen Salazar
54,female,31.24,0,no,southeast,10338.9316,7844736,Leslie Carpenter
49,female,29.925,0,no,northwest,8988.15875,4701687,Bryan Cole
50,female,26.22,2,no,northwest,10493.9458,3986800,Justin Cox
26,male,30,1,no,southwest,2904.088,8962309,Justin Wells Jr.
45,male,20.35,3,no,southeast,8605.3615,7584419,Christopher Barr
54,female,32.3,1,no,northeast,11512.405,4540193,Cynthia Williams
38,male,38.39,3,yes,southeast,41949.2441,8516122,Brandi Gordon
48,female,25.85,3,yes,southeast,24180.9335,3391878,Jonathan Jacobson
28,female,26.315,3,no,northwest,5312.16985,8017046,Jody Palmer
23,male,24.51,0,no,northeast,2396.0959,1907903,Nathan Coleman
55,male,32.67,1,no,southeast,10807.4863,3427086,Antonio Fry
41,male,29.64,5,no,northeast,9222.4026,8546785,Philip Ramsey
25,male,33.33,2,yes,southeast,36124.5737,8010062,Gary James
33,male,35.75,1,yes,southeast,38282.7495,7933410,William Smith
30,female,19.95,3,no,northwest,5693.4305,5621850,Benjamin Frost
23,female,31.4,0,yes,southwest,34166.273,2126788,Elizabeth Wright
46,male,38.17,2,no,southeast,8347.1643,7124065,Caroline Adams
53,female,36.86,3,yes,northwest,46661.4424,4342661,Robert Long
27,female,32.395,1,no,northeast,18903.49141,7146112,Jessica Smith
23,female,42.75,1,yes,northeast,40904.1995,3341918,Kristen Rivera
63,female,25.08,0,no,northwest,14254.6082,2782827,Elizabeth Mendez
55,male,29.9,0,no,southwest,10214.636,5807836,Andre Juarez
35,female,35.86,2,no,southeast,5836.5204,5367294,Kim Carlson
34,male,32.8,1,no,southwest,14358.36437,632424,Kathleen Morris
19,female,18.6,0,no,southwest,1728.897,2189092,Adam Cooper
39,female,23.87,5,no,southeast,8582.3023,8055269,Lindsay Lawson
27,male,45.9,2,no,southwest,3693.428,1617990,Kimberly Hernandez
57,male,40.28,0,no,northeast,20709.02034,8000307,Michael Ray
52,female,18.335,0,no,northwest,9991.03765,3832060,Dr. Andrea Marshall
28,male,33.82,0,no,northwest,19673.33573,5574313,Jacqueline Villegas
50,female,28.12,3,no,northwest,11085.5868,1712100,Michael Morrison
44,female,25,1,no,southwest,7623.518,4768701,Jessica Ramsey
26,female,22.23,0,no,northwest,3176.2877,2239559,Daniel Huang
33,male,30.25,0,no,southeast,3704.3545,5452267,Lucas Drake
19,female,32.49,0,yes,northwest,36898.73308,1006762,Keith Zuniga
50,male,37.07,1,no,southeast,9048.0273,6884443,Candace Jones
41,female,32.6,3,no,southwest,7954.517,3490211,Brian Glover
52,female,24.86,0,no,southeast,27117.99378,1686854,Lisa Martinez
39,male,32.34,2,no,southeast,6338.0756,544471,Matthew Armstrong
50,male,32.3,2,no,southwest,9630.397,357972,Brandy York
52,male,32.775,3,no,northwest,11289.10925,7489691,Tracy Fleming
60,male,32.8,0,yes,southwest,52590.82939,8428241,Rebekah Greene
20,female,31.92,0,no,northwest,2261.5688,5217525,Terry Jones
55,male,21.5,1,no,southwest,10791.96,447898,Tiffany Mcclain
42,male,34.1,0,no,southwest,5979.731,461849,Dawn Nichols
18,female,30.305,0,no,northeast,2203.73595,7447012,Susan Watts
58,female,36.48,0,no,northwest,12235.8392,9027716,Jesus Houston
43,female,32.56,3,yes,southeast,40941.2854,3177971,Lisa Smith
35,female,35.815,1,no,northwest,5630.45785,272614,Anthony Walker
48,female,27.93,4,no,northwest,11015.1747,4654722,Kristen Reynolds
36,female,22.135,3,no,northeast,7228.21565,438057,Mary Butler
19,male,44.88,0,yes,southeast,39722.7462,8422940,Michele Holland
23,female,23.18,2,no,northwest,14426.07385,9930561,Joshua Powell
20,female,30.59,0,no,northeast,2459.7201,4819346,Christine Soto
32,female,41.1,0,no,southwest,3989.841,1009968,Jessica Foster
43,female,34.58,1,no,northwest,7727.2532,9492995,Donna Jones
34,male,42.13,2,no,southeast,5124.1887,8725639,Sarah Trevino
30,male,38.83,1,no,southeast,18963.17192,9892665,Mr. Daniel Freeman
18,female,28.215,0,no,northeast,2200.83085,2992280,Chris Moore
41,female,28.31,1,no,northwest,7153.5539,8862912,Kevin Saunders
35,female,26.125,0,no,northeast,5227.98875,9818063,Jane Chapman
57,male,40.37,0,no,southeast,10982.5013,2601279,Justin King
29,female,24.6,2,no,southwest,4529.477,9380118,Kelly Lee
32,male,35.2,2,no,southwest,4670.64,4163356,Bruce Palmer
37,female,34.105,1,no,northwest,6112.35295,7595794,Cynthia Allen
18,male,27.36,1,yes,northeast,17178.6824,7636556,Adam Craig
43,female,26.7,2,yes,southwest,22478.6,5588450,Sarah Holmes DDS
56,female,41.91,0,no,southeast,11093.6229,9876220,Tanya Fisher
38,male,29.26,2,no,northwest,6457.8434,8299796,Stacey Parker
29,male,32.11,2,no,northwest,4433.9159,2663416,Melissa Vasquez
22,female,27.1,0,no,southwest,2154.361,5705120,Anthony Nichols
52,female,24.13,1,yes,northwest,23887.6627,2491630,Tyrone Mayer
40,female,27.4,1,no,southwest,6496.886,9285574,Justin Newman
23,female,34.865,0,no,northeast,2899.48935,2203173,Mary Ryan
31,male,29.81,0,yes,southeast,19350.3689,3839288,Stephanie Short
42,female,41.325,1,no,northeast,7650.77375,8240433,Mark Mckenzie
24,female,29.925,0,no,northwest,2850.68375,6139060,James Hardin
25,female,30.3,0,no,southwest,2632.992,8983314,George Alvarez
48,female,27.36,1,no,northeast,9447.3824,5383388,Robert Gonzalez
23,female,28.49,1,yes,southeast,18328.2381,8780038,Mary Durham
45,male,23.56,2,no,northeast,8603.8234,2983248,Mary Miller
20,male,35.625,3,yes,northwest,37465.34375,2677223,Cody Farmer
62,female,32.68,0,no,northwest,13844.7972,347644,Logan Newton
43,female,25.27,1,yes,northeast,21771.3423,6860259,Kevin Marquez
23,female,28,0,no,southwest,13126.67745,220502,Lisa Snyder
31,female,32.775,2,no,northwest,5327.40025,1981794,Erica Merritt
41,female,21.755,1,no,northeast,13725.47184,8501556,Mario Wilson
58,female,32.395,1,no,northeast,13019.16105,9145046,Emily Herrera
48,female,36.575,0,no,northwest,8671.19125,5701840,John Russo
31,female,21.755,0,no,northwest,4134.08245,1601662,Gregory Flores
19,female,27.93,3,no,northwest,18838.70366,9928161,Steven Scott
19,female,30.02,0,yes,northwest,33307.5508,9196570,Gloria Benson
41,male,33.55,0,no,southeast,5699.8375,5666683,Mrs. Ann Smith
40,male,29.355,1,no,northwest,6393.60345,9738468,Shannon English
31,female,25.8,2,no,southwest,4934.705,4209494,Mary Barnett
37,male,24.32,2,no,northwest,6198.7518,7663723,Brian Thompson
46,male,40.375,2,no,northwest,8733.22925,3938525,Robert Reyes
22,male,32.11,0,no,northwest,2055.3249,1406650,Michelle Wilson
51,male,32.3,1,no,northeast,9964.06,6183067,Kenneth King
18,female,27.28,3,yes,southeast,18223.4512,8700505,Stephanie Mccoy
35,male,17.86,1,no,northwest,5116.5004,5198253,Summer Hoover
59,female,34.8,2,no,southwest,36910.60803,9279145,John Smith
36,male,33.4,2,yes,southwest,38415.474,1137995,Michael Williams
37,female,25.555,1,yes,northeast,20296.86345,5349292,James Taylor
59,male,37.1,1,no,southwest,12347.172,2543107,Jennifer Williams
36,male,30.875,1,no,northwest,5373.36425,8183253,Lisa Johnston
39,male,34.1,2,no,southeast,23563.01618,2723804,Meghan Patel
18,male,21.47,0,no,northeast,1702.4553,2223105,Eric Anderson
52,female,33.3,2,no,southwest,10806.839,2814069,Theresa Reilly
27,female,31.255,1,no,northwest,3956.07145,7674266,Larry Harding
18,male,39.14,0,no,northeast,12890.05765,7146273,Suzanne Gonzalez
40,male,25.08,0,no,southeast,5415.6612,8554451,Shawn Taylor
29,male,37.29,2,no,southeast,4058.1161,4013223,Michaela Lang
46,female,34.6,1,yes,southwest,41661.602,8911908,Michael Webster
38,female,30.21,3,no,northwest,7537.1639,7386463,Philip Edwards
30,female,21.945,1,no,northeast,4718.20355,7114773,Ryan Powell
40,male,24.97,2,no,southeast,6593.5083,8427624,Katherine Green
50,male,25.3,0,no,southeast,8442.667,4911415,Alfred Williams
20,female,24.42,0,yes,southeast,26125.67477,3919195,Michael Rogers
41,male,23.94,1,no,northeast,6858.4796,3246651,Kimberly Ibarra
33,female,39.82,1,no,southeast,4795.6568,6231981,Christina Nelson
38,male,16.815,2,no,northeast,6640.54485,348645,Scott Brown
42,male,37.18,2,no,southeast,7162.0122,634591,Tammy Cook
56,male,34.43,0,no,southeast,10594.2257,1529108,Theresa Wilkerson
58,male,30.305,0,no,northeast,11938.25595,1800537,William Young
52,male,34.485,3,yes,northwest,60021.39897,5625728,Bonnie Stewart
20,female,21.8,0,yes,southwest,20167.33603,6137150,Nathan Hernandez
54,female,24.605,3,no,northwest,12479.70895,2664214,Dr. Rebecca Anderson DVM
58,male,23.3,0,no,southwest,11345.519,2438649,Mark Davis
45,female,27.83,2,no,southeast,8515.7587,6800610,Sarah Williams
26,male,31.065,0,no,northwest,2699.56835,7933496,Mr. David Wilkinson
63,female,21.66,0,no,northeast,14449.8544,8395972,Kenneth Tran
58,female,28.215,0,no,northwest,12224.35085,5508428,Anthony Smith
37,male,22.705,3,no,northeast,6985.50695,2863266,Dr. Christian Cox PhD
25,female,42.13,1,no,southeast,3238.4357,6341085,Rebecca Liu
52,male,41.8,2,yes,southeast,47269.854,5449268,Anthony Watson
64,male,36.96,2,yes,southeast,49577.6624,3770285,Jennifer Hansen
22,female,21.28,3,no,northwest,4296.2712,6792287,Timothy Torres
28,female,33.11,0,no,southeast,3171.6149,3971895,Maria Miller
18,male,33.33,0,no,southeast,1135.9407,1033993,Brandon Parker
28,male,24.3,5,no,southwest,5615.369,794200,Marisa Martinez
45,female,25.7,3,no,southwest,9101.798,268768,Jonathan Pham
33,male,29.4,4,no,southwest,6059.173,7283999,Michelle Lee
18,female,39.82,0,no,southeast,1633.9618,5190361,Zachary Hill
32,male,33.63,1,yes,northeast,37607.5277,4961108,Terri Parsons
24,male,29.83,0,yes,northeast,18648.4217,24968,Corey Garcia
19,male,19.8,0,no,southwest,1241.565,1707303,William Davidson
20,male,27.3,0,yes,southwest,16232.847,4102615,Kevin Cannon
40,female,29.3,4,no,southwest,15828.82173,2868578,Angel Jensen
34,female,27.72,0,no,southeast,4415.1588,7766575,Laura Walls
42,female,37.9,0,no,southwest,6474.013,7826333,Felicia Leonard
51,female,36.385,3,no,northwest,11436.73815,6361863,Alexandra Cochran
54,female,27.645,1,no,northwest,11305.93455,2346729,Joseph Gibson
55,male,37.715,3,no,northwest,30063.58055,6032484,Brandon Lucas
52,female,23.18,0,no,northeast,10197.7722,7274220,Nicole James
32,female,20.52,0,no,northeast,4544.2348,6005313,Margaret Moran
28,male,37.1,1,no,southwest,3277.161,8924195,James Stewart
41,female,28.05,1,no,southeast,6770.1925,4508640,Jeffrey Sanchez
43,female,29.9,1,no,southwest,7337.748,9734715,Teresa Martinez MD
49,female,33.345,2,no,northeast,10370.91255,6567491,Eric Campbell
64,male,23.76,0,yes,southeast,26926.5144,8362644,Alyssa Wade
55,female,30.5,0,no,southwest,10704.47,234679,Jason Roberts
24,male,31.065,0,yes,northeast,34254.05335,5510762,Ricky Bennett
20,female,33.3,0,no,southwest,1880.487,7178333,Dr. Robert Bailey
45,male,27.5,3,no,southwest,8615.3,5690409,Thomas Paul
26,male,33.915,1,no,northwest,3292.52985,3302764,Kyle Thomas
25,female,34.485,0,no,northwest,3021.80915,1572018,Matthew Ray
43,male,25.52,5,no,southeast,14478.33015,1518260,Bradley Burns
35,male,27.61,1,no,southeast,4747.0529,7297585,Marissa Miller
26,male,27.06,0,yes,southeast,17043.3414,6256609,Debbie Santos
57,male,23.7,0,no,southwest,10959.33,2588967,Rachel Martinez
22,female,30.4,0,no,northeast,2741.948,7068277,Troy Meyer
32,female,29.735,0,no,northwest,4357.04365,963480,Casey Gomez
39,male,29.925,1,yes,northeast,22462.04375,8637940,Allison Hill
25,female,26.79,2,no,northwest,4189.1131,3419283,Mark Mcclure
48,female,33.33,0,no,southeast,8283.6807,6697848,David Hoffman
47,female,27.645,2,yes,northwest,24535.69855,8227824,Kimberly Osborne
18,female,21.66,0,yes,northeast,14283.4594,7631165,Benjamin Welch
18,male,30.03,1,no,southeast,1720.3537,4687234,Savannah Garcia
61,male,36.3,1,yes,southwest,47403.88,4751079,Steve Sanchez
47,female,24.32,0,no,northeast,8534.6718,52427,Shawn Baker
28,female,17.29,0,no,northeast,3732.6251,7337543,Brian Deleon
36,female,25.9,1,no,southwest,5472.449,5951484,Nicholas Edwards
20,male,39.4,2,yes,southwest,38344.566,7693676,Michael Dixon
44,male,34.32,1,no,southeast,7147.4728,4558122,Stephanie Simmons
38,female,19.95,2,no,northeast,7133.9025,9806990,James Snow
19,male,34.9,0,yes,southwest,34828.654,9912419,Barry Bernard
21,male,23.21,0,no,southeast,1515.3449,3147379,Samuel Short
46,male,25.745,3,no,northwest,9301.89355,8557444,Justin Allen
58,male,25.175,0,no,northeast,11931.12525,1167190,Joseph Hill
20,male,22,1,no,southwest,1964.78,3447134,Lisa Singh
18,male,26.125,0,no,northeast,1708.92575,7429671,Katherine Miller
28,female,26.51,2,no,southeast,4340.4409,1093248,April Booth
33,male,27.455,2,no,northwest,5261.46945,5886753,Katie Suarez
19,female,25.745,1,no,northwest,2710.82855,3431611,Charles Pitts
45,male,30.36,0,yes,southeast,62592.87309,7436713,Kathleen Aguilar
62,male,30.875,3,yes,northwest,46718.16325,8588424,Patricia Becker
25,female,20.8,1,no,southwest,3208.787,1382675,Ashley Hall
43,male,27.8,0,yes,southwest,37829.7242,3529042,Colton Martinez
42,male,24.605,2,yes,northeast,21259.37795,1592124,Ivan Wheeler
24,female,27.72,0,no,southeast,2464.6188,6560494,Nicholas Edwards
29,female,21.85,0,yes,northeast,16115.3045,6675254,Sandra Adams
32,male,28.12,4,yes,northwest,21472.4788,762268,Douglas Gregory
25,female,30.2,0,yes,southwest,33900.653,1818835,Travis Stevens
41,male,32.2,2,no,southwest,6875.961,9807935,John Welch
42,male,26.315,1,no,northwest,6940.90985,6291486,Raymond Shelton
33,female,26.695,0,no,northwest,4571.41305,7947383,Sandy Stephenson
34,male,42.9,1,no,southwest,4536.259,6153051,Sarah Mitchell
19,female,34.7,2,yes,southwest,36397.576,9621851,Bryan Allen
30,female,23.655,3,yes,northwest,18765.87545,7403450,George Day
18,male,28.31,1,no,northeast,11272.33139,6582029,Brian Murphy
19,female,20.6,0,no,southwest,1731.677,2172715,Donald Horne
18,male,53.13,0,no,southeast,1163.4627,8922680,Kristen Salazar
35,male,39.71,4,no,northeast,19496.71917,7844736,Leslie Carpenter
39,female,26.315,2,no,northwest,7201.70085,4701687,Bryan Cole
31,male,31.065,3,no,northwest,5425.02335,3986800,Justin Cox
62,male,26.695,0,yes,northeast,28101.33305,8962309,Justin Wells Jr.
62,male,38.83,0,no,southeast,12981.3457,7584419,Christopher Barr
42,female,40.37,2,yes,southeast,43896.3763,4540193,Cynthia Williams
31,male,25.935,1,no,northwest,4239.89265,8516122,Brandi Gordon
61,male,33.535,0,no,northeast,13143.33665,3391878,Jonathan Jacobson
42,female,32.87,0,no,northeast,7050.0213,8017046,Jody Palmer
51,male,30.03,1,no,southeast,9377.9047,1907903,Nathan Coleman
23,female,24.225,2,no,northeast,22395.74424,3427086,Antonio Fry
52,male,38.6,2,no,southwest,10325.206,8546785,Philip Ramsey
57,female,25.74,2,no,southeast,12629.1656,8010062,Gary James
23,female,33.4,0,no,southwest,10795.93733,7933410,William Smith
52,female,44.7,3,no,southwest,11411.685,5621850,Benjamin Frost
50,male,30.97,3,no,northwest,10600.5483,2126788,Elizabeth Wright
18,female,31.92,0,no,northeast,2205.9808,7124065,Caroline Adams
18,female,36.85,0,no,southeast,1629.8335,4342661,Robert Long
21,female,25.8,0,no,southwest,2007.945,7146112,Jessica Smith
61,female,29.07,0,yes,northwest,29141.3603,3341918,Kristen Rivera